// Sample: .//bubblelabels.tif, Map: .//bubblelabels.tif, Thickness:(8.191250068658265):/afs/psi.ch/project/tipl/test/LabelValidation/Step3500//distmap.tif, Neighbors:(1.0):
//LACUNA_NUMBER, TRIANGLES, SCALE_X, SCALE_Y, SCALE_Z, POS_X, POS_Y, POS_Z , STD_X, STD_Y, STD_Z,PROJ_X, PROJ_Y, PROJ_Z, PCA1_X, PCA1_Y, PCA1_Z, PCA1_S, PCA2_X, PCA2_Y, PCA2_Z, PCA2_S, PCA3_X, PCA3_Y, PCA3_Z, PCA3_S,PROJ_PCA1, PROJ_PCA2, PROJ_PCA3,OBJ_RADIUS, OBJ_RADIUS_STD, VOLUME, VOLUME_BOX, Mask_Grad_X,Mask_Grad_Y,Mask_Grad_Z,Mask_Angle, Mask_Distance_Mean,Mask_Distance_COV, Mask_Distance_STD, SHAPET_XX, SHAPET_XY, SHAPET_XZ, SHAPET_YX, SHAPET_YY, SHAPET_YZ, SHAPET_ZX, SHAPET_ZY, SHAPET_ZZ, Thickness, Thickness_STD, Neighbors, Neighbors_STD
1, 0 ,1.0,1.0,1.0,136.19107166522602,244.63350469480318,273.19473493697075,42.0412167522777,26.776596463570243,17.6632604944724,220.0,136.0,90.0,0.9661631801310732,0.24726554515651045,0.07340612738365243,43.0435657855187,-0.2254882165817148,0.9478898177586066,-0.22507767008824406,25.673465391677542,-0.12523487350498239,0.20090954075904038,0.9715717075389663,16.869066800819933,215.01226951476292,153.01069504188405,93.71005888900922,48.578217139315726,20.8949184024611,505559.0,3082983.7954203966, 0.0, 2.8421709430404007E-14,0.0,75.68423996780524, 149.43888061278554,149.43888061278554,0.0, 1767.463906011995, 294.57917219054735, 130.22902765960612, 294.57917219054735, 716.9861181728825, -51.44845119403069, 130.22902765960612, -51.44845119403069, 311.9907712955894, 4.887962564684975, 3.698676875574293, 17.0, 0.0
2, 0 ,1.0,1.0,1.0,275.9005803678136,181.66216564679397,191.2940212342324,16.848304843554054,34.84954165769939,47.80529845918508,85.0,207.0,197.0,0.02195257340501702,-0.08339782246906721,0.9962745042046971,47.89524762718398,-0.024024910653755276,-0.9962708844817275,-0.08286813864250947,34.747456125393036,-0.9994703038054589,0.022116237053645293,0.023874334956403457,16.803631695839712,203.23200174006797,206.72528191957264,88.5218823010969,56.85679328733639,23.473549959614587,849289.0,3719086.912985415, 0.0, 0.0,0.0,NaN, 162.48573748313592,162.48573748313592,1.9073486328125E-6, 283.86537610132694, 18.457919057649598, 45.83674930081249, 18.457919057649598, 1214.4905537517252, -90.76831881901953, 45.83674930081249, -90.76831881901953, 2285.3465607717635, 5.078206776922011, 3.682075931237885, 25.0, 0.0
3, 0 ,1.0,1.0,1.0,261.60527835794346,61.899434009732886,229.62437345830176,24.81340401544211,34.86455894106792,44.31908642613783,99.0,140.0,178.0,-0.18903744263023467,0.3080965681822108,0.9323847649753642,45.974192871470535,-0.027014747592392408,-0.9507767594547101,0.30869686926387885,33.496719472691744,-0.9815982114370118,-0.03316712762880176,-0.1880555581431049,23.659401620092915,221.01030485022275,150.84605560863997,112.06199721568152,58.264098528278275,20.017960268707895,1343486.0,3735982.562582657, 0.0, 0.0,0.0,NaN, 101.2838752804851,101.2838752804851,0.0, 615.7050188335586, -76.0578126205593, -278.56533888868984, -76.0578126205593, 1215.5374701551991, 281.3434494096527, -278.56533888868984, 281.3434494096527, 1964.1814216474743, 4.99210356267499, 3.5846679087051583, 16.0, 0.0
4, 0 ,1.0,1.0,1.0,21.322994410776875,254.82079642849757,71.36727862269323,13.819848156252974,29.69263422016818,51.840368697253375,53.0,127.0,237.0,-0.06016028948102383,0.298738515609337,0.9524368949495233,53.81620110651202,-0.08904504242411705,-0.9519671732118944,0.29296669016569465,26.20639383882757,-0.9942090926908922,0.06718482282840887,-0.08387180451301071,13.30811696257114,252.798617239912,132.05293507629,62.99350067821301,54.990985334459154,27.13035363955941,628531.0,2102899.3959993687, 0.0, 0.0,0.0,NaN, 87.11554961088409,87.11554961088409,0.0, 190.9882030618887, -5.664184462726758, -169.095950665522, -5.664184462726758, 881.6525269327024, 631.5140007854365, -169.095950665522, 631.5140007854365, 2687.4238266671673, 4.9562111347636595, 3.6464254486383214, 14.0, 0.0
5, 0 ,1.0,1.0,1.0,37.9253813727033,171.99584293023943,131.32247511957388,23.81709490874263,34.38646321386545,30.99455537394589,113.0,178.0,193.0,-0.19034241034557975,0.9209645575522272,0.3399912507057581,35.3124612085249,0.06306623189164219,-0.33413643255705944,0.9404124067838702,30.385104277331035,-0.9796899597417666,-0.20044233128426855,-0.00551856960661151,23.240500135137296,191.3869609090098,169.4614509776499,117.22574669988808,49.4621388262737,16.243218517556,838812.0,3801948.8927033017, 0.0, 0.0,0.0,NaN, 187.26716543733988,187.26716543733988,0.0, 567.254009892054, -131.98333380442318, -23.020567135174506, -131.98333380442318, 1182.4288523585215, 100.93791155913479, -23.020567135174506, 100.93791155913479, 960.662462828598, 4.8385353856219, 3.4157115964425633, 22.0, 0.0
6, 0 ,1.0,1.0,1.0,132.4199868049245,175.40744027983519,195.1195287117374,26.97079910655953,25.98644422663411,36.80582884943525,144.0,147.0,187.0,0.025684977603790137,0.22540183938234917,0.9739272522773692,37.331649471350026,-0.9962423850875022,0.08638083422829808,0.006281849503823509,26.97425601389855,-0.08271270809650837,-0.9704289578743394,0.22677355586193218,25.221534162877294,185.99719151284032,149.61707008082476,135.31084474623566,49.48879276196152,17.556984828065875,803330.0,3765478.2009483757, 0.0, 0.0,0.0,NaN, 209.90062434563478,209.90062434563478,0.0, 727.4240044463924, -3.487176454425445, 18.377212910023854, -3.487176454425445, 675.2952835439653, 166.3455916956809, 18.377212910023854, 166.3455916956809, 1354.6690372939202, 4.890598283737162, 3.5105345208745455, 24.0, 0.0
7, 0 ,1.0,1.0,1.0,113.13592807144582,214.98451363746076,60.257599565532225,30.288937741069557,34.94961742625559,34.04083811188855,154.0,170.0,154.0,-0.03782350018583937,0.7374361984572146,0.674356905531977,41.313881370322115,-0.8047638035282959,0.37757489893730795,-0.45803102102712606,34.672607623535235,0.5923888953756323,0.5600223646404258,-0.5791807556697516,19.71414856865844,217.23373072155275,166.30714638212368,129.46184441658392,54.273710870165885,18.76268838588167,828600.0,4677135.613450886, 0.0, 0.0,7.105427357601002E-15,47.595769881442415, 153.81270899196363,153.81270899196363,NaN, 917.4197494823877, -283.9692454392776, 266.2546844809806, -283.9692454392776, 1221.4757582416285, 514.8343308202133, 266.2546844809806, 514.8343308202133, 1158.778659359804, 5.007813151246024, 3.5922538773395334, 24.0, 0.0
8, 0 ,1.0,1.0,1.0,171.5691925338627,19.30480556769978,28.199977943464372,29.797892605776887,14.100305086513698,17.852422957302828,134.0,64.0,72.0,0.9804996657285622,-0.13001353161758403,0.1473665060402196,30.187263852277006,0.18379168066644166,0.3411680694317678,-0.9218595156085367,18.06595293863916,-0.06957746491489479,-0.9309676847219367,-0.35841058352048233,12.953472826099373,135.2859101689337,84.20965712117348,66.65543416209952,35.02818555679184,13.359200175305057,253893.0,759364.0422818512, 0.0, 0.0,0.0,NaN, 132.89991189019878,132.89991189019878,0.0, 887.9144037454129, -84.8333458260393, 80.55801218418016, -84.8333458260393, 198.8186035327641, -64.1215704768855, 80.55801218418016, -64.1215704768855, 318.7090054464331, 4.663977057100549, 3.3199793058309037, 5.0, 0.0
9, 0 ,1.0,1.0,1.0,192.04297066093775,91.80085804138788,134.27235760783756,43.540890107403996,23.019996293856714,24.574493704559195,209.0,122.0,127.0,0.9667153273167822,-0.21508585984088,0.13856243656675463,44.618889217315775,0.2029311903174945,0.31474688325239686,-0.9272288452584003,24.40398774638316,-0.15582171840642495,-0.9244849768273209,-0.34791826582324936,21.05315151317993,198.837981584824,127.91408470132117,119.18790342459071,51.59990646777422,19.159455474161053,772690.0,3031446.4010018753, 0.0, 0.0,0.0,NaN, 195.22085887122105,195.22085887122105,0.0, 1895.8091113450312, -312.060668430485, 178.64205814796048, -312.060668430485, 529.9202293691769, -90.57641223918512, 178.64205814796048, -90.57641223918512, 603.9057408354196, 4.645894153450079, 3.2477464605730315, 25.0, 0.0
10, 0 ,1.0,1.0,1.0,138.7649772713813,257.893085213181,177.00949445254145,30.7322183205524,23.605548668397436,26.00382761611285,153.0,94.0,112.0,-0.8245286093362245,0.31978874382683387,0.46678445958250037,34.56099820891162,0.1716561166214039,-0.6447149938852308,0.7449004995877139,24.23722784322246,-0.5391537350445885,-0.6943181806500696,-0.4766922634218507,19.89935704504092,175.1034298639331,122.16622638527504,104.75639985480018,44.451741539263814,14.210309484799359,692299.0,2240920.1242496646, 0.0, 0.0,0.0,NaN, 190.14566953998937,190.14566953998937,0.0, 944.4692429020964, -231.7273167768528, -282.83479131936963, -231.7273167768528, 557.22192793608, 27.242961135138756, -282.83479131936963, 27.242961135138756, 676.1990506885134, 4.496993888320762, 3.1835038935901494, 16.0, 0.0
11, 0 ,1.0,1.0,1.0,190.4429609286433,197.53831930894634,256.0101199125006,17.75791275225823,27.690128382058045,24.480221732302816,91.0,125.0,108.0,-0.09601458188948465,-0.7803926401301403,0.6178742002182127,32.59776482332599,-0.6849603500331579,-0.39859599776677607,-0.6098774872437591,18.11114606397845,-0.7222260857564208,0.4817764603994435,0.4962669878784424,17.051101077841007,142.1855156113649,86.39987774807895,97.2247568639655,38.365525553011295,14.472538831742462,313145.0,1194387.7787700028, -2.8421709430404007E-14, -2.8421709430404007E-14,0.0,63.03792578771604, 156.32098506032642,156.32098506032642,0.0, 315.34346531681535, 68.01233993944177, -30.22065734143238, 68.01233993944177, 766.7432098148565, -363.12476307746283, -30.22065734143238, -363.12476307746283, 599.281256062711, 4.945678615262095, 3.55195458129072, 13.0, 0.0
12, 0 ,1.0,1.0,1.0,221.7309437868252,147.55337995647326,40.51776677813755,28.53934824750899,23.545377641398208,21.812047048090395,140.0,100.0,97.0,0.7811833491173074,-0.5819230319503862,0.22609325498018787,33.360467595886924,0.4022421042062384,0.1921925511236243,-0.8951331257954486,21.80774610252043,-0.4774451430956279,-0.7902073197448013,-0.38421156561994974,16.004562312307737,143.90622599598328,107.1220595311401,88.31523778898486,40.57670858293634,14.077475756416762,452136.0,1361426.3131133956, -2.8421709430404007E-14, 0.0,0.0,38.63095021916907, 171.87127311382793,171.87127311382793,0.0, 814.4943983925943, -372.5162170857776, 72.31515147778588, -372.5162170857776, 554.3848082760546, -150.4754781773395, 72.31515147778588, -150.4754781773395, 475.7653964281089, 4.732345510297242, 3.3925317158439388, 15.0, 0.0
13, 0 ,1.0,1.0,1.0,211.33668694529814,275.01386570697025,172.32393957612476,18.17840627760428,15.468491365821755,22.62685869068272,89.0,65.0,102.0,-0.38846532996047667,0.06357402368240389,0.9192676601140318,23.549590349007417,0.8510985352479337,0.4071074130446725,0.33150390275665825,17.374654454793724,0.35316564203999157,-0.9111651319913991,0.2122548739736661,15.008050876337087,102.88996274756119,75.54020776492962,74.15523011457373,31.36453332857058,9.897952476015831,237853.0,576358.8575993294, 0.0, 0.0,0.0,NaN, 157.4378175474572,157.4378175474572,0.0, 330.4544547936428, 18.42032939023025, -95.98651994776262, 18.42032939023025, 239.27422513450222, 29.589988973348504, -95.98651994776262, 29.589988973348504, 511.9747342081241, 4.798296817964522, 3.3730511180225475, 9.0, 0.0
14, 0 ,1.0,1.0,1.0,159.61365504686637,110.44459014803729,195.862235171476,29.57873969713749,21.43542169612331,24.54698539183677,128.0,107.0,125.0,0.8316092380676884,0.3965228657144204,0.3888389025369023,33.41985602409602,-0.2269703549686901,-0.3963486945306915,0.8896022539928753,22.950482672050168,-0.5068634265025104,0.8280563563607498,0.23960830028338714,17.12665190973756,145.0096147294101,119.59947551554251,90.59566140574023,41.56611307967607,14.463467102925954,453737.0,1571207.2477304358, 0.0, 0.0,2.8421709430404007E-14,67.11772819841212, 206.76316743015215,206.76316743015215,0.0, 874.9018420710172, 292.5688740577928, 219.18243820390572, 292.5688740577928, 459.4773032906339, 44.684083258723675, 219.18243820390572, 44.684083258723675, 602.5544918270479, 4.96530118362582, 3.6313774112531476, 20.0, 0.0
15, 0 ,1.0,1.0,1.0,180.9422016181421,274.9501092541192,236.47947794247918,19.488498930065468,15.588152392996985,14.739319770908082,91.0,61.0,71.0,0.9189941557056853,-0.18064757729776687,0.3504514154561828,20.45459141098517,0.0030335674030691697,0.8920722983925707,0.4518825200308232,15.858846984162428,-0.3942594821277047,-0.4142142769835966,0.8203572352916447,13.044013777442759,103.50315343496868,78.48576034793041,59.01674014725546,27.629259091136728,8.755779517425301,169330.0,479423.88703226944, 0.0, 0.0,0.0,NaN, 137.24836284770643,137.24836284770643,0.0, 379.8015905471629, -40.99183417427504, 80.06168812746121, -40.99183417427504, 242.99049502729764, 17.07998363939137, 80.06168812746121, 17.07998363939137, 217.24754730908188, 4.651856968314756, 3.1361118671154813, 3.0, 0.0
16, 0 ,1.0,1.0,1.0,273.4662451091075,170.13276163375141,58.38371854750159,16.999295440214123,26.37492556271748,32.118271568647216,77.0,125.0,120.0,0.08440231546271965,-0.21143804604729585,0.9737403153963754,32.40531582459464,0.21485051578665365,-0.9503786425276477,-0.22498820345412204,26.51474511334931,-0.9729930652428828,-0.22819813432849548,0.03478658474546608,16.219121750031327,134.6015894249841,132.72030791693584,84.37677861844077,42.565086068244725,14.297187152128043,517288.0,1507337.5196817177, 0.0, 0.0,0.0,NaN, 144.83852505780314,144.83852505780314,0.0, 288.9760454636847, -103.88303971697178, 43.41627412496929, -103.88303971697178, 695.6366984388878, -67.96474160422851, 43.41627412496929, -67.96474160422851, 1031.5833685573723, 4.582216781728181, 3.1454068460918987, 8.0, 0.0
17, 0 ,1.0,1.0,1.0,161.17412683783698,34.885828034218655,220.20839171749097,25.249605014436213,17.589340593479115,19.612936626684867,114.0,80.0,101.0,0.9532558421220872,0.1868231864498477,0.23748767644834962,25.86234207460804,-0.19773500700922783,-0.2086129171201294,0.957800353838779,19.230634448976634,-0.22848231105092368,0.9599884102505384,0.16191999790474718,17.114809380375924,114.17068153795105,93.59964962298392,91.52815064383037,34.900447827318615,10.656147543728963,346127.0,978100.5519416617, 0.0, 0.0,0.0,NaN, 163.8790554316793,163.8790554316793,NaN, 637.5425533850423, 70.12413982260136, 70.54440488949618, 70.12413982260136, 309.38490251341216, 1.3144892594101008, 70.54440488949618, 1.3144892594101008, 384.66728312235676, 4.80620112178278, 3.3417508447432414, 12.0, 0.0
18, 0 ,1.0,1.0,1.0,277.15761427837697,249.11265194316042,272.4103392683901,14.509658595245222,19.247883463094233,13.42215563645535,67.0,93.0,58.0,0.2577623904810963,0.9597040058708878,0.1119230591470844,19.55759666975366,-0.7448242712749736,0.27115161757413325,-0.609683200692487,15.390209486156992,-0.6154635285483414,0.07379038827856846,0.7847035259411821,11.908288574102658,97.10078033125217,79.71521831000263,61.530631375585045,26.25345674155282,8.48065335973331,140184.0,476272.30838680436, 0.0, 2.8421709430404007E-14,0.0,16.320663975244837, 62.22930304124159,62.22930304124159,1.1680077279964342E-6, 210.53019255057356, 40.344817920132634, 50.107270115480326, 40.344817920132634, 370.4810178088564, 10.139936956240678, 50.107270115480326, 10.139936956240678, 180.15426192923013, 4.370949059072781, 3.082417665474883, 4.0, 0.0
19, 0 ,1.0,1.0,1.0,49.507307390742326,141.98231251192,15.475125203964145,16.80445629052865,23.16920060087668,9.805128446778523,82.0,103.0,38.0,-0.03757449427157218,-0.9992693320797702,0.006997095474939353,23.178053702497557,-0.9649039267485597,0.03445938471723304,-0.2603324085666615,17.221351870264222,0.2599010764222516,-0.01653338349399614,-0.9654936963568405,9.030228008553495,102.88716670994476,85.92522400083233,45.437517850183184,28.52737300581912,10.07626622060852,141569.0,401695.0496379983, 0.0, 0.0,0.0,NaN, 151.16027934411977,151.16027934411977,0.0, 282.3897512202879, 9.959583649714329, 53.8948073587917, 9.959583649714329, 536.8118564836644, -5.115097842672229, 53.8948073587917, -5.115097842672229, 96.14054385782543, 5.62938043369957, 4.281144520606333, 4.0, 0.0
20, 0 ,1.0,1.0,1.0,279.10839061802096,279.3345462072271,195.74142363796804,12.932063871851605,12.674200918937599,30.670651538986203,53.0,49.0,147.0,0.0942300769033421,-0.12526304228911841,0.9876385284319689,30.993361568319443,0.9874539851753127,0.13802429007372816,-0.0767067305458698,12.662404101274232,-0.1267095883040568,0.9824756819311704,0.13669752977175031,12.15062022353665,145.84247421782283,60.633581661542564,56.098482726072575,32.834009713932446,13.80182295388979,183586.0,496076.16590879735, 0.0, 0.0,0.0,NaN, 108.32068624260131,108.32068624260131,0.0, 167.23827598564955, -7.864935969941025, 74.69561083649167, -7.864935969941025, 160.63536893359867, -100.70834789688065, 74.69561083649167, -100.70834789688065, 940.6888658259168, 5.711791231306544, 4.228320988626185, 4.0, 0.0
21, 0 ,1.0,1.0,1.0,26.980788178634207,103.24267010685787,210.5227601754077,19.11275080549415,21.815758459737673,34.366440496157836,89.0,117.0,153.0,-0.29431142685080625,-0.32812380559896465,0.8976165953369487,37.45885028587485,0.4385416734702414,-0.880864456442702,-0.17821057770464657,19.57777019395193,0.8491536872998688,0.34119287444956514,0.4031444378506056,15.35650488866889,171.77104666025508,107.64093342032184,84.45615156548092,41.39688474120289,17.56629518784542,380599.0,1561560.1050239778, 0.0, 0.0,0.0,NaN, 139.25942807638344,139.25942807638344,0.0, 365.2972433529173, 55.76520012880051, -319.912297661314, 55.76520012880051, 475.92731717361585, -320.66761638838017, -319.912297661314, -320.66761638838017, 1181.0522323759574, 5.154267358367137, 3.789420282938535, 9.0, 0.0
22, 0 ,1.0,1.0,1.0,192.2117495857915,46.35716387172698,150.213793530605,20.10217598949862,10.947100213458011,15.005992388732755,94.0,51.0,71.0,-0.9425081505793409,0.1727540458837676,0.2860671699484223,20.883584541973008,-0.22143212192660483,0.3182921017638398,-0.9217689262140695,14.667250409160548,0.2502922321419338,0.9321191863627457,0.26173960522599937,9.892621102630912,98.60552626203216,71.56501884578259,45.96112096997797,26.0043427599816,8.53759027995288,129162.0,324334.13398321625, -2.8421709430404007E-14, 0.0,0.0,19.522874139654075, 190.2713883327667,190.2713883327667,0.0, 404.0974795127747, -63.341024696828256, -67.26719354811333, -63.341024696828256, 119.83900308349243, -17.687808512982965, -67.26719354811333, -17.687808512982965, 225.17980757070538, 4.488276836698578, 3.0847885241188777, 2.0, 0.0
23, 0 ,1.0,1.0,1.0,273.1756441691401,246.04145050974319,159.16827977803587,13.131142806996666,13.21948109913414,16.707938690199455,57.0,62.0,72.0,0.2675327941104282,-0.37527384665582353,0.8874659115096245,17.649346681933814,0.8958290491765565,-0.24231896161455704,-0.3725209195380423,12.778936527894077,-0.35484717658013454,-0.8946793061528713,-0.2713529443638353,12.31000203657721,74.18277480295737,56.04552743813987,56.56915686243423,24.027532046201355,7.001036422723949,116235.0,235192.6472994525, 0.0, 0.0,0.0,NaN, 153.18173699730218,153.18173699730218,0.0, 172.42691141774029, -18.613922257555252, 34.053300641386585, -18.613922257555252, 174.75468053036474, -52.2125932117756, 34.053300641386585, -52.2125932117756, 279.15521527546383, 3.8541252439704694, 2.5844643998158867, 3.0, 0.0
24, 0 ,1.0,1.0,1.0,175.38042045480225,165.13445966812543,234.13044493488297,12.819672994044971,16.85445393401221,17.58190531000123,57.0,77.0,76.0,0.17735479515032,0.5870212189599852,-0.7899059216944261,19.98387926956296,-0.6038762295537983,0.6986799891739445,0.38364015966499715,16.422815826210474,-0.7770963749864463,-0.4089649877662266,-0.4784024067292031,9.406153150769851,93.66905976670733,81.94380275267538,45.43635320329247,26.160014304190867,8.555330444951396,132761.0,348751.2252821392, 0.0, 0.0,2.8421709430404007E-14,37.82327939975731, 195.08344845093046,195.08344845093046,0.0, 164.34401567424598, -44.09920748968939, -85.53875853177043, -44.09920748968939, 284.07261741373964, -95.57424674816049, -85.53875853177043, -95.57424674816049, 309.1233943298494, 4.975042494570043, 3.608464452331133, 2.0, 0.0
25, 0 ,1.0,1.0,1.0,28.307730621018692,190.76537379835148,256.27487276662833,14.909659942170828,25.65459122642445,23.18259615063358,65.0,125.0,95.0,-0.1395486575944979,-0.9461252736198968,0.29218682171044097,26.308239049206442,-0.3371596804505073,-0.23204322627538984,-0.9124030310220482,23.623125322525812,0.9310475401622011,-0.22583823360401925,-0.2866139741892062,12.950416325181488,135.71421419010358,115.63405948409925,69.9018937970867,35.68269324194248,12.02639504885768,267029.0,1096983.3873120982, 0.0, 0.0,0.0,NaN, 121.01825451517874,121.01825451517874,0.0, 222.29795959117342, 99.77653715090149, 98.69571799373058, 99.77653715090149, 658.1580509949343, -62.32941242870686, 98.69571799373058, -62.32941242870686, 537.4327642833708, 4.563299959383732, 3.204838586050167, 9.0, 0.0
26, 0 ,1.0,1.0,1.0,209.91623193581714,89.82358005637683,59.18314817413043,15.40385630986013,15.684869924418626,16.631898812325325,72.0,70.0,69.0,0.6220527946392903,0.07711190303762872,0.7791688360627395,18.402589668852826,-0.17550971853385572,-0.9560824947908616,0.2347394339574176,15.878882452046355,0.7630508891165881,-0.2827720240129802,-0.5811998993926158,13.004606007799847,92.46742025030926,67.35391409266838,65.55950630740811,26.4476087870654,7.774186858487532,156802.0,408307.4033563662, -2.8421709430404007E-14, 0.0,0.0,51.53380413406875, 140.30682745535552,140.30682745535552,0.0, 237.27878921481772, 22.06298213058842, 78.75087467804772, 22.06298213058842, 246.01514454593197, -8.445769646171767, 78.75087467804772, -8.445769646171767, 276.62005810342856, 4.680290749173884, 3.3249894994490936, 8.0, 0.0
27, 0 ,1.0,1.0,1.0,75.36808429013783,38.86741429863262,51.407332913161426,34.4792041816146,22.213984283878837,32.84331898154781,156.0,98.0,138.0,-0.750086227908431,-0.3300055737104617,0.5731203817891406,40.23562758043088,-0.5259776013785094,-0.22764555151973243,-0.819466329827765,28.538579299122127,-0.4008967617108068,0.9161188919530618,0.002821747062197013,18.099833846811187,200.7569696137923,169.10604071105243,87.80959853095675,49.27068888432425,18.258133457453585,729860.0,2981067.051683378, 0.0, 0.0,0.0,NaN, 99.16520509267092,99.16520509267092,NaN, 1188.8155209974698, 377.9326037167076, -345.27628173501586, 377.9326037167076, 493.46109776441597, -153.40749020541602, -345.27628173501586, -153.40749020541602, 1078.6836017236988, 5.240944947856404, 3.680555623257553, 11.0, 0.0
28, 0 ,1.0,1.0,1.0,263.9082093770409,35.362948124328234,82.8070206266785,18.191739081182384,20.77722794503101,24.881156795927108,79.0,94.0,110.0,0.40102611739210825,0.22910670075082207,0.8869544367330737,26.834107499458355,0.30010283448441577,-0.9476477734591348,0.10909622446429428,20.63050456043175,0.8655150731811838,0.22242710520306988,-0.44878707754028774,15.362860790576208,120.20241177163406,100.54679582352674,63.68696587801054,35.4034792028547,11.32687934578411,341451.0,769718.5904704498, 0.0, 0.0,0.0,NaN, 97.0059694837519,97.0059694837519,0.0, 330.9393707978185, -9.447143162231637, 178.38084129342806, -9.447143162231637, 431.69320107977757, 78.76103962429768, 178.38084129342806, 78.76103962429768, 619.0719635035098, 4.485446308712887, 3.0954771108243064, 5.0, 0.0
29, 0 ,1.0,1.0,1.0,64.01632002755889,111.88668130732464,277.4327778495457,20.008506582104783,12.647986150171448,13.200593849147333,94.0,64.0,55.0,-0.9378884413082845,-0.15506957877851218,0.3103525372826361,20.66577453216897,0.32655459220451905,-0.6966755064810085,0.6387529545760005,14.835884555365526,0.11716385948941604,0.7004260592003162,0.7040425879324764,9.348254367347337,99.93228361408167,75.0003325318338,42.965677211857894,25.616043940404968,8.85357894381865,116115.0,322025.7958385337, 0.0, 0.0,0.0,NaN, 130.8663371514066,130.8663371514066,0.0, 400.3403356461304, 19.210315109353814, -71.19156107328861, 19.210315109353814, 159.97155365492878, -75.40575730142983, -71.19156107328861, -75.40575730142983, 174.2556779701464, 4.61615430121299, 3.2101554729221617, 5.0, 0.0
30, 0 ,1.0,1.0,1.0,40.88199840095123,9.977387810328215,24.242358391930953,13.761708770297599,6.779327913792074,12.782077817691354,61.0,27.0,53.0,-0.9837173228095227,-0.036064938255097455,-0.17606688795205422,13.801761935068653,0.17481393151202795,0.03538695050157105,-0.9839653718924805,12.75195780312381,0.041717120631381326,-0.9987227262673336,-0.028506102563686454,6.754581278936795,61.31135478355545,55.71348237871754,28.77393826136548,19.00110169661679,6.138693907790515,48779.0,98288.00614196275, 0.0, 0.0,0.0,NaN, 48.56519330936398,48.56519330936398,NaN, 189.38462827848582, 5.863155133074656, 4.967281307610998, 5.863155133074656, 45.9592869627204, -3.1536045981612295, 4.967281307610998, -3.1536045981612295, 163.38151333751736, 3.995662868867885, 2.621988641122234, 1.0, 0.0
31, 0 ,1.0,1.0,1.0,95.50221318487843,130.41423133671407,9.925495641823614,15.577918003657008,19.149441286218206,6.683932746164755,68.0,86.0,27.0,0.10159632039454464,0.9946927587865688,0.01626355741690416,19.18587964134931,-0.9948176362131113,0.10151606645235384,0.005688491135524269,15.535977335559865,-0.004007288565441464,0.01675720351386706,-0.9998515578668405,6.677051630387558,85.7305063390171,68.17224506815992,27.786859866869786,24.14997705954252,8.41583007681365,80653.0,162398.66551134584, 0.0, 0.0,0.0,NaN, 161.9477073690511,161.9477073690511,0.0, 242.6715293286611, 12.820323604904821, -0.5790510082956156, 12.820323604904821, 366.7011015743184, 5.347217290148169, -0.5790510082956156, 5.347217290148169, 44.67495695525353, 3.942408792895972, 2.707913348512842, 1.0, 0.0
32, 0 ,1.0,1.0,1.0,176.96561753190625,196.5998576295317,73.10483551126252,12.72355040724737,13.885401866353764,13.931210705654713,58.0,65.0,67.0,0.33649679812517086,0.7272792091221933,0.5981929929630616,16.1805616425331,-0.7177614031777555,-0.21312308931779037,0.6628703620678337,13.355459882858222,-0.6095805713437789,0.6524135964081669,-0.4502977084795725,10.420790177851437,78.64482785104966,61.73502098217048,47.891640786744134,22.49450792783592,6.539790880906491,98335.0,232520.62551992462, 0.0, 0.0,0.0,NaN, 176.55980767622918,176.55980767622918,0.0, 161.88873496576468, 48.17018476275413, -2.3567554902772168, 48.17018476275413, 192.8043849901406, 56.80048881575438, -2.3567554902772168, 56.80048881575438, 194.07863172534852, 4.756084230969056, 3.3349845644771765, 4.0, 0.0
33, 0 ,1.0,1.0,1.0,174.11835580888828,73.74651281338338,209.43299040734047,12.887104784557533,8.360512030435556,10.833524623309142,61.0,36.0,48.0,-0.9237918636427466,0.08262008725354372,0.3738749976257815,13.147749793613015,0.35864239741726817,0.5286971515774387,0.7693210985594356,11.76398755910634,-0.13410527000179964,0.8447799968607914,-0.5180371931257689,6.48738460219593,61.855205171572536,56.10998268761281,30.212726631542893,17.908082498236368,5.713271229293749,43158.0,104859.14388772227, 0.0, 0.0,0.0,NaN, 171.7181403432644,171.7181403432644,NaN, 166.07746972816565, 8.279341316771808, -18.596476087879978, 8.279341316771808, 69.89816141105766, 43.21064263997676, -18.596476087879978, 43.21064263997676, 117.36525576384547, 3.3230503062147534, 2.139248436839535, 2.0, 0.0
34, 0 ,1.0,1.0,1.0,50.07002076163931,154.46264326953158,108.29285287676687,9.387234888915199,8.913472520631592,9.439940052095647,41.0,39.0,41.0,0.44625730653727624,-0.01977755632949901,0.8946861263190172,9.457582700992017,0.8948889690614532,0.003934963797483577,-0.4462714970867411,9.36967540514232,-0.005305602154707238,-0.9997966614894979,-0.019454723339846915,8.913245855413638,41.683334792903835,42.04653769949152,39.144169667933454,15.515015279219586,3.9958654016928725,35161.0,68605.63391811989, 0.0, 0.0,0.0,NaN, 188.18998689449896,188.18998689449896,0.0, 88.12017885966674, -0.05887283437862345, 0.6599356166605007, -0.05887283437862345, 79.4499923760545, -0.1915997197567157, 0.6599356166605007, -0.1915997197567157, 89.11246818715958, 3.690023311066284, 2.19148656069993, 0.0, 0.0
35, 0 ,1.0,1.0,1.0,116.88006151271527,119.67746531429152,223.75851736264232,12.534774864087588,12.39658307339243,14.061243431965751,57.0,58.0,66.0,0.5241649133446691,0.2768410503450119,0.80536338162487,15.537934299747285,0.4244804403640413,-0.9047703351458435,0.034741853554861174,12.254070055536337,0.738286867935984,0.3236505422271813,-0.5917624752798425,10.813176425668182,77.1909910442335,57.67374268937686,53.34838839932476,21.671332860528388,6.234400668088749,88437.0,237501.33583748556, 0.0, 0.0,0.0,NaN, 183.83799432655934,183.83799432655934,0.0, 157.12058089336202, 5.301535269046724, 53.048097444119065, 5.301535269046724, 153.6752718955197, 26.714044452569652, 53.048097444119065, 26.714044452569652, 197.71856685299997, 4.962686976719694, 3.4158014451395915, 6.0, 0.0
36, 0 ,1.0,1.0,1.0,151.0830281149714,207.01034254220733,13.237782544997907,17.291938847265367,17.99256512172241,8.993321177024164,77.0,82.0,35.0,0.3628356970373165,0.9313022525650019,0.032037030492830645,18.11058166680029,-0.929005602496961,0.36419875637677773,-0.06563426226344433,17.202812951092127,-0.07279318295488162,-0.005948127517318784,0.9973293198810183,8.927117833320692,81.66404210605967,78.18326010846484,37.98763239000994,25.272586144322048,8.05728019420385,114672.0,242541.9554940038, 0.0, 0.0,0.0,NaN, 176.06413546271332,176.06413546271332,NaN, 299.01114909756507, 10.738537120270381, 16.071631020555134, 10.738537120270381, 323.73239965942184, 2.23924750507204, 16.071631020555134, 2.23924750507204, 80.87982579311131, 6.9898018487799956, 5.289617519730994, 4.0, 0.0
37, 0 ,1.0,1.0,1.0,77.89014602826606,170.4703898002062,59.29182815905206,15.550481066359144,14.584844172180176,16.561289949634393,67.0,63.0,76.0,0.582701685949461,-0.5253470084860462,0.6200558570535544,18.746963267031457,0.5503437021724539,-0.30631695211575505,-0.7767185682894623,15.087145623750942,-0.5979803965606006,-0.7938390551750882,-0.11063001314268348,12.23686524033584,88.68423155260243,70.93123313743271,56.798507164030696,25.956861059865805,7.419759405598647,153258.0,357289.9814822627, 0.0, 0.0,0.0,NaN, 162.35860203037504,162.35860203037504,0.0, 241.81746139519421, -74.8760620478213, 39.587324765335495, -74.8760620478213, 212.71767952677803, -47.17556136589445, 39.587324765335495, -47.17556136589445, 274.2763247958611, 5.693841489855515, 4.214178334050755, 4.0, 0.0
38, 0 ,1.0,1.0,1.0,13.628968870731383,134.3344176029131,259.4334228873396,9.37819606319548,13.318686911648665,20.604402062515334,40.0,60.0,90.0,-0.02187914382623865,-0.38522242133318213,0.9225643550276752,21.841372131397016,0.14746140598740365,-0.9139357769565172,-0.37812237350242117,11.22132457361524,-0.9888257868854597,-0.12776964311246505,-0.07680157217963987,9.322859273605669,104.23990426964207,51.69559870404325,42.799638487284454,24.540750123283548,9.361140432153334,90076.0,230636.30623148085, 1.7763568394002505E-15, 0.0,0.0,88.7463173634882, 140.98628204130586,140.98628204130586,0.0, 87.95056139973521, -1.9682204948379443, -10.049453502399967, -1.9682204948379443, 177.38742105052148, -125.17076688169126, -10.049453502399967, -125.17076688169126, 424.54138435378616, 4.607411969134315, 3.051720063865981, 2.0, 0.0
39, 0 ,1.0,1.0,1.0,125.00989525110752,259.80793276197574,265.55247795304933,7.545159683349767,8.197319190014943,9.147171941715392,34.0,38.0,39.0,-0.14972541990301194,-0.08254917899203229,-0.9852755612936966,9.166381900207906,0.5666692205846796,0.8094390628288775,-0.15392984768608187,8.840200433399056,-0.8102273095106205,0.5813725454598365,0.07441552464863407,6.75459326965076,39.88657072473546,38.725682728918855,28.970662729558207,13.900813332579187,3.816231095507991,24153.0,44749.090442460125, 0.0, 0.0,0.0,NaN, 135.75532385410852,135.75532385410852,0.0, 56.92943464724676, 15.393114895453463, 2.827473099375727, 15.393114895453463, 67.19604190298723, -0.9294106229372829, 2.827473099375727, -0.9294106229372829, 83.67075453130533, 3.9746918264508557, 2.3918066155151934, 1.0, 0.0
40, 0 ,1.0,1.0,1.0,12.42248065308064,230.79297309695121,270.4609026580246,8.416048804582577,20.94951709816825,17.9027848016502,34.0,93.0,73.0,-0.004364667965232459,-0.9191961536675133,0.3937758001152466,21.578860306907863,-0.14327854945255494,-0.38914177163751956,-0.9099669987607154,17.277869917766274,-0.9896727777100492,0.0603913292589414,0.130002616935249,8.12710568046585,102.69924056214712,82.53136859527046,37.350262244679705,27.14925052226417,9.650908965541403,117719.0,316577.4193287497, 0.0, 0.0,0.0,NaN, 76.26590896405928,76.26590896405928,0.0, 70.82987748111583, 14.5649748638384, 29.62300450399505, 14.5649748638384, 438.88226664644384, -62.31633246392837, 29.62300450399505, -62.31633246392837, 320.5097036541974, 4.824683360151582, 3.302671162767187, 2.0, 0.0
41, 0 ,1.0,1.0,1.0,5.477248503730426,56.56751660244323,141.13372140690333,3.7096266045187236,13.189736314960907,11.631827445526515,14.0,57.0,50.0,-0.0019474783277503216,0.9994867198571783,0.03197661891602328,13.191260986661387,4.3220989526857875E-4,0.031977517858444146,-0.9994884949544035,11.630125443424319,-0.999998010259405,-0.00193266157164676,-4.942635735163754E-4,3.7095416263542416,57.13257360476703,50.006834475473866,14.073007805225568,16.963469417620498,5.938904666949121,24394.0,40206.85281749173, 8.881784197001252E-16, 0.0,0.0,89.88841764059408, 152.14667759731302,152.14667759731302,0.0, 13.761329544953115, -0.3102413825384937, -0.06246554969127423, -0.3102413825384937, 173.9691440581985, 1.238327492122271, -0.06246554969127423, 1.238327492122271, 135.29940972250387, 5.420054751862568, 3.715559509918148, 2.0, 0.0
42, 0 ,1.0,1.0,1.0,69.14456482503545,222.4396059700868,221.07874320570434,16.150439522170952,17.138021953323175,16.23741683417138,75.0,80.0,78.0,0.5299096610417316,-0.7719505475999587,0.35112405670184604,18.79765638012798,0.5065633689479573,-0.04393291144036671,-0.8610827210741538,16.10421805573031,-0.68013918014972,-0.6341626379348575,-0.36776139584351414,14.335427238371539,87.72231502312135,72.89938413388839,69.99156059960535,27.581599906257548,7.5800755464413525,191153.0,447589.22265420685, 0.0, 2.8421709430404007E-14,-2.8421709430404007E-14,38.136057530717636, 130.48045961334626,130.48045961334626,0.0, 260.83669675930145, -61.6772902929983, 4.0238605214335115, -61.6772902929983, 293.7117964725871, -38.03728923460116, 4.0238605214335115, -38.03728923460116, 263.6537054466321, 5.692051550765437, 4.349324034671461, 6.0, 0.0
43, 0 ,1.0,1.0,1.0,62.42489932724072,53.5322273395867,252.16798083801532,14.056289290575307,13.513974509705257,16.20224958103645,64.0,61.0,74.0,-0.5549123986810028,0.010987965690715864,0.8318362184950084,17.748131782897225,-0.2831958515776521,-0.9426876045898762,-0.1764658318253407,13.710439378031406,0.7822226917184799,-0.33349564429326584,0.5262207861707053,11.821477802446722,77.15369095541723,63.604158357154574,53.000959112393645,24.349845725725878,7.0572431082405105,124413.0,260091.37224847559, 0.0, 0.0,-2.8421709430404007E-14,33.71217333099909, 95.13395543687754,95.13395543687754,0.0, 197.57926862034208, 11.806859943474016, -78.48400063530453, 11.806859943474016, 182.62750704896345, 9.624773784331122, -78.48400063530453, 9.624773784331122, 262.5128914861959, 4.465390004941465, 3.296039440557535, 4.0, 0.0
44, 0 ,1.0,1.0,1.0,243.81358603837336,126.15289761071558,198.63482713889223,14.630451777324888,14.918235608507732,16.05178435866679,66.0,64.0,74.0,-0.5551797578559089,0.3450792617331101,0.7567666348279282,17.549636824508024,0.022997103987905,-0.9031534199093681,0.4287015667269975,14.632539126380632,0.831412394468127,0.2554098730036577,0.4934766733058731,13.121078462517046,80.01196441645487,62.404501960420504,64.67840140961391,25.365434446641583,7.131506805008916,132592.0,322946.16526304156, 2.8421709430404007E-14, 1.4210854715202004E-14,-2.8421709430404007E-14,45.15272615807577, 171.30780764054282,171.30780764054282,0.0, 214.05011920862898, -26.893152149118848, -56.65301811276684, -26.893152149118848, 222.55375367094805, 19.228725333453415, -56.65301811276684, 19.228725333453415, 257.65978109713984, 4.925960249706826, 3.7039466394437413, 4.0, 0.0
45, 0 ,1.0,1.0,1.0,280.30486637960496,259.15765042261864,84.70106850750689,12.30976809316086,19.116423613090422,18.818170885112853,52.0,80.0,75.0,-0.12930048028429078,-0.7372095886899843,0.6631767548261892,20.274771757121712,0.03319845500182289,-0.6716343611844724,-0.7401386001701422,17.69446083093477,-0.9910495690850908,0.07368383282558989,-0.11131686483362195,12.1215215143548,95.4212936559974,86.95999193678912,55.684332294599045,28.219742519459505,8.645098603243104,175572.0,462059.3973965393, 0.0, 0.0,0.0,NaN, 96.07427758583259,96.07427758583259,0.0, 151.53039050740117, 21.472800922008766, -26.732197576699082, 21.472800922008766, 365.437651755121, -46.53583643870653, -26.732197576699082, -46.53583643870653, 354.123555461309, 4.540794857051384, 3.1418975232357984, 3.0, 0.0
46, 0 ,1.0,1.0,1.0,219.00599260191672,16.84816167669295,180.69043114299615,17.223901860037977,11.106340326477884,17.80002151718485,83.0,47.0,75.0,-0.6518699487251203,0.0846037260221455,0.7535965628187796,19.247352234190434,0.7454382435208485,-0.11097580401930639,0.6572717824605138,15.69688853023896,-0.13923862627037656,-0.9902154212419833,-0.009274938754527,10.954518665202468,92.15043007733546,75.04331980584658,52.12810518174485,25.860280127477935,8.252288680870185,129493.0,360480.140573576, 0.0, 0.0,0.0,NaN, 145.18492692813842,145.18492692813842,0.0, 296.66279528421967, -24.268734012349224, -61.11137879705393, -24.268734012349224, 123.35079544754888, 6.749432456840584, -61.11137879705393, 6.749432456840584, 316.84076601224365, 4.0482250958061785, 2.7654892769209676, 3.0, 0.0
47, 0 ,1.0,1.0,1.0,7.107143758995985,200.52319385874094,187.24628165955406,4.8561187247873585,14.584233086171224,13.91774112297212,19.0,64.0,59.0,0.006588337875604584,-0.9986360187574491,0.05179474726560482,14.586152405306574,0.029672053849059174,0.051968295404231424,0.9982078268041965,13.921413668140678,-0.9995379747785548,-0.0050396739030957125,0.029973966413123485,4.839799710395698,64.38544626374284,60.24543746195761,19.76072937673301,19.60951067438233,6.741836015385886,39601.0,76650.4736773649, 0.0, 0.0,2.8421709430404007E-14,87.0310511058617, 150.53088537596955,150.53088537596955,0.0, 23.5818890692304, -0.9829527421690797, 5.111134236976562, -0.9829527421690797, 212.69985471177142, -0.9544382642938283, 5.111134236976562, -0.9544382642938283, 193.70351796606928, 3.325776454275845, 2.105426950722336, 1.0, 0.0
48, 0 ,1.0,1.0,1.0,51.63922461152095,119.082561607283,42.34766912572594,7.030476715836754,6.735566051816942,5.97970345254675,30.0,31.0,26.0,-0.9966794580620123,-0.02548320408116717,-0.07733475406937497,7.035863660896931,0.04262691361027088,-0.9725141574861053,-0.22890862745897525,6.778378366927614,-0.06937581792869643,-0.23144506864231723,0.9703711537797676,5.9247375917207385,30.4663250826013,31.31933487356679,25.461095066916272,11.038686159778312,2.949527781972,12742.0,24294.59595449946, 0.0, 0.0,0.0,NaN, 136.53054997989798,136.53054997989798,0.0, 49.42760285192274, -0.083775254380789, 1.004177913275953, -0.083775254380789, 45.36785003838887, 2.4424150117513967, 1.004177913275953, 2.4424150117513967, 35.75685338039952, 3.91214546339513, 2.3411726636812222, 1.0, 0.0
49, 0 ,1.0,1.0,1.0,249.21733381416036,220.66743598990263,151.69931482149298,9.069590183540218,9.75008378010961,10.867898749772769,41.0,43.0,49.0,0.18680011971401655,-0.471221765786456,0.8620068228987078,11.328297912740751,0.4598173698642268,-0.7334645268678781,-0.5005974172902076,9.424375088758872,-0.8681438254379137,-0.4898773675886403,-0.07966469154180066,8.847804452993579,52.252052252529424,41.969342949553365,40.294192151839184,16.58913786153184,4.498147181108763,41595.0,88364.53080257878, 0.0, 2.8421709430404007E-14,0.0,61.8863667410806, 175.686163717503,175.686163717503,0.0, 82.25746609736906, -7.958423400618339, 5.633638514573956, -7.958423400618339, 95.06413371915653, -16.460569252897862, 5.633638514573956, -16.460569252897862, 118.11122323531252, 4.317493502721002, 2.929792589775535, 2.0, 0.0
51, 0 ,1.0,1.0,1.0,134.4792897109108,23.603901150139883,134.52642213242152,7.774314494646371,8.968493379449143,8.358827001820407,33.0,39.0,37.0,-0.027516526582548655,0.9993379734978587,0.023800325418463376,8.96971132057634,-0.055129814647021214,0.022255978608007973,-0.9982311230136963,8.36015500066219,0.998099967088376,0.028779960760792235,-0.054480910021678874,7.771480901069068,39.2582817530041,37.17732678870284,33.654787778697965,14.040937282570876,3.6872630001349713,25736.0,49119.76753599223, 0.0, 0.0,0.0,NaN, 191.67467689396827,191.67467689396827,NaN, 60.43996586166866, -0.563262382925687, 0.5094646796930555, -0.563262382925687, 80.43387349722312, 0.26613876351818766, 0.5094646796930555, 0.26613876351818766, 69.86998884636192, 3.446999475542881, 2.2671709375933355, 1.0, 0.0
52, 0 ,1.0,1.0,1.0,273.6499384236453,86.11961206896552,210.49199507389162,6.87270964956634,7.119559341628394,6.0377198955335265,30.0,30.0,26.0,0.024380515052241186,0.9977218174298402,-0.06290282593242072,7.123687328554937,-0.9996985042121594,0.024515506468088852,0.0013749976670361659,6.872564347389234,-0.002913959807324441,-0.06285033784404086,-0.9980187091789068,6.033014405677482,30.48363816045908,30.142173158174387,26.33724430494513,11.210504642226939,2.9497305554473954,12992.0,24199.795200603337, 0.0, 1.4210854715202004E-14,0.0,3.8682486024274345, 126.97478597674042,126.97478597674042,0.0, 47.23413792724229, 0.08351259926534758, -0.03690012345604807, 0.08351259926534758, 50.688125218968125, -0.9002124649651916, -0.03690012345604807, -0.9002124649651916, 36.45406153692138, 2.944041323662263, 1.696297019124426, 0.0, 0.0
53, 0 ,1.0,1.0,1.0,247.43906754378534,109.41361039743263,118.6220484297505,13.905520595892467,13.205957463278796,13.215535568065414,61.0,57.0,58.0,-0.9514016519094075,0.2710949186649969,-0.1460905261064857,14.03859989386649,-0.08157780967590311,-0.679310109468087,-0.7293029796613598,13.779527695714714,-0.2969511032350833,-0.681942314458103,0.6684120899856559,12.468100313138468,62.89049670446133,63.116167949736536,56.32880534458798,22.53413025206878,5.884230595269552,106257.0,223591.96282327187, 0.0, 0.0,0.0,NaN, 169.72088891629696,169.72088891629696,0.0, 193.3635030427896, -8.829353167149323, 7.833939905685409, -8.829353167149323, 174.39731252192894, 15.404694218365968, 7.833939905685409, 15.404694218365968, 174.65038035080207, 4.31953527654088, 3.0926802266260913, 2.0, 0.0
54, 0 ,1.0,1.0,1.0,158.70852338789018,122.95563903049816,162.22591896968072,6.509307404291521,6.825078814791245,5.86864936811102,28.0,30.0,25.0,-0.0370348422547265,-0.9962634119147193,0.07802329484974574,6.831559503593909,0.9867532488800593,-0.024117433431571602,0.16042560652627139,6.525006555502357,-0.15794444049670073,0.08293107671263272,0.9839593437899088,5.843621592558297,30.311100063604755,28.68811434152559,25.47163687394385,10.744885992859695,2.818023086838474,11181.0,22149.328087840655, 0.0, 0.0,0.0,NaN, 232.5146617664734,232.5146617664734,0.0, 42.37108288356441, 0.2614638762537942, 1.2979402488319391, 0.2614638762537942, 46.58170082811226, -1.005987316969719, 1.2979402488319391, -1.005987316969719, 34.441045405829875, 2.9190043093250644, 1.8393401955650288, 0.0, 0.0
55, 0 ,1.0,1.0,1.0,82.7874678795044,10.542664462969443,109.02564814032887,17.878566262487688,7.23109028073187,16.566469363014665,78.0,29.0,73.0,-0.8225825908171723,0.009811277388220244,0.5685610082660609,18.992117370981177,0.5678630922687422,0.06661033533683988,0.8204234099934591,15.304616423247307,0.029822637768818883,-0.9977308264568779,0.06036396453335952,7.172719101575457,85.72372617695481,71.44482080001293,30.92189266287599,24.03704275951265,8.282528646700822,82891.0,189381.6342498269, 0.0, 0.0,1.4210854715202004E-14,55.35005867672972, 137.30078136812452,137.30078136812452,0.0, 319.643131602163, 4.4180323538638895, -59.47724308684674, 4.4180323538638895, 52.28866664809491, 11.713977335918969, -59.47724308684674, 11.713977335918969, 274.44790715570355, 3.671251967970161, 2.42928031770413, 3.0, 0.0
56, 0 ,1.0,1.0,1.0,86.19737467266279,140.88479939891496,183.18469001027592,11.578835277613939,13.250868901751726,13.971556857791956,54.0,63.0,66.0,-0.44107083273862135,-0.10725652874529225,-0.8910401548464408,14.616014500481162,0.14086974457256873,0.9722525545308248,-0.1867637150849821,13.340626448401016,-0.8863476945145838,0.20789662635501177,0.4137230440510729,10.642328699771921,63.82415753385803,61.400240671421045,47.5135062826308,21.66059435671892,5.973106911973648,90503.0,186196.81375044398, 0.0, 0.0,0.0,NaN, 202.2976291263129,202.2976291263129,2.6973983046972182E-6, 134.06942638611704, 13.611392200669295, 37.74353206354048, 13.611392200669295, 175.585526651411, -2.1584855966416816, 37.74353206354048, -2.1584855966416816, 195.20440103051345, 4.222096204635851, 2.862338696364106, 2.0, 0.0
57, 0 ,1.0,1.0,1.0,34.53791871371148,179.4253238052702,231.58383206788744,8.465481250401208,8.582096098483577,7.456103929435851,39.0,37.0,33.0,-0.8271434734950266,-0.07243037621742746,-0.5573037904550658,9.252665126491667,-0.009144707300341455,0.9932633264006745,-0.11551769888574819,8.593945543840137,-0.5619164071131694,0.09045333066542778,0.8222336324844401,6.4375865118509505,41.77026615024707,37.71146349711228,27.882839637832205,13.646835952584926,3.8306788607618536,22390.0,43921.54718549866, 0.0, -2.8421709430404007E-14,0.0,85.84640798704228, 142.87019424307474,142.87019424307474,0.0, 71.66437280089438, 2.3517820495455792, 20.394967689788423, 2.3517820495455792, 73.65237344360703, -1.9361693962703102, 20.394967689788423, -1.9361693962703102, 55.593485806548735, 4.452866400197288, 2.9896752759817415, 1.0, 0.0
58, 0 ,1.0,1.0,1.0,228.25756210217992,283.82496620289527,92.50308046527347,26.34096994395664,11.036358798663695,27.64180506465023,126.0,48.0,132.0,0.08892723130056535,0.11182680248873811,-0.9897407305847125,27.790364294746357,0.994320162590969,0.048369942310895114,0.09480381292917185,26.36723062728373,-0.05847530930473549,0.992549804758424,0.10689023938475423,10.59160524973952,128.78364668677443,126.33105457206824,51.87713313788879,37.26879389829794,13.811383048771665,284048.0,844008.4757546872, 0.0, 0.0,0.0,NaN, 118.17541626507989,118.17541626507989,0.0, 693.8466975884271, 34.60640269460131, -3.139305211936037, 34.60640269460131, 121.80121553284155, -70.38836691483961, -3.139305211936037, -70.38836691483961, 764.0693872321232, 4.991486685990339, 3.6721121261864087, 6.0, 0.0
59, 0 ,1.0,1.0,1.0,111.71956233764,79.11332083197138,264.2134077107024,19.498376535581013,18.115002870976813,20.913090726035218,101.0,87.0,89.0,-0.607357132480994,-0.6867126271241437,-0.39942844336967487,22.934960127530008,-0.5347040008226547,-0.018487654377507403,0.844837166642108,21.640442069788026,-0.5875448452064842,0.7266938656572483,-0.3559593803896927,12.303505647860352,120.36164366537201,107.18446656721756,62.590695291743145,31.997446492527526,11.039057849844712,232508.0,807476.2114738355, 0.0, 0.0,0.0,NaN, 141.49508235149617,141.49508235149617,0.0, 380.1866875232962, 159.38618443893444, -52.2852631463513, 159.38618443893444, 328.1533290154981, 97.80971895002122, -52.2852631463513, 97.80971895002122, 437.3573637153802, 4.754497137171342, 3.365475863041438, 6.0, 0.0
60, 0 ,1.0,1.0,1.0,194.87399522050836,31.079730610471433,97.24353682381056,4.563190367278627,4.953175025600162,4.600531645700973,20.0,22.0,20.0,-0.11194308871967464,-0.9936367693991308,0.012438463970987744,4.957924829696749,-0.5300963403387662,0.07029867831997381,0.8450183227515908,4.628543771814277,-0.8405156838794537,0.08800037684307578,-0.5345926662685625,4.529581053566148,22.09633356819122,20.266669908823445,20.127364067823265,7.891236688562732,2.061534406802422,4603.0,9013.418034485147, 0.0, 0.0,0.0,NaN, 146.53918243842148,146.53918243842148,0.0, 20.82270632802445, 0.41825847362012336, -0.41163342215725507, 0.41825847362012336, 24.533942834229162, 0.0036111200655030537, -0.41163342215725507, 0.0036111200655030537, 21.1648914230961, 2.8947608186490066, 1.4854409352137452, 1.0, 0.0
61, 0 ,1.0,1.0,1.0,178.7564026527201,9.931471396991427,186.69558419151346,7.83222818272002,6.459256781911348,9.014582544988883,35.0,26.0,41.0,0.4218299905737849,-0.039249206283668084,0.9058250155844797,9.328076145274487,0.8858326447583365,0.23082364741872005,-0.4025182843955907,7.516672292797292,0.19328731084313783,-0.9722036533558289,-0.13213656522177245,6.388671850387554,40.63121318240496,34.50836931343301,28.989094189187334,13.036815215905847,3.7907708935784794,18547.0,40646.09917262713, 0.0, 0.0,0.0,NaN, 166.24239731043644,166.24239731043644,0.0, 61.34379830619375, 2.4423026781477972, 12.059613380991909, 2.4423026781477972, 41.721998174667746, -3.099795788676686, 12.059613380991909, -3.099795788676686, 81.26269846041826, 3.275551583597639, 1.9956820559483046, 1.0, 0.0
62, 0 ,1.0,1.0,1.0,170.17473923370855,146.75565423938863,87.94867293194258,7.377043622854981,6.90790002208402,4.995004118256544,32.0,29.0,22.0,-0.9543800917757399,0.28097855332169025,-0.10104302546628735,7.399992091295396,-0.2985840457425503,-0.8952204712201954,0.33079884452080777,7.13852184375712,0.0024915959024993644,0.3458776669308687,0.9382763087003302,4.6229367727648665,31.946403413820534,31.15859411339872,19.352474355464523,10.80016876259991,3.232069951188241,9683.0,19263.550071646507, 0.0, 0.0,0.0,NaN, 214.7714819401225,214.7714819401225,0.0, 54.42077261350535, -1.04487937344269, 0.29741251669453256, -1.04487937344269, 47.7190827151084, -9.7097428320793, 0.29741251669453256, -9.7097428320793, 24.950066141399837, 2.845584212053195, 1.8716917562236137, 2.0, 0.0
63, 0 ,1.0,1.0,1.0,184.21526130694366,110.20626482375071,110.2645783920831,7.064329721611738,6.0875526462163805,6.3930902480647696,31.0,26.0,27.0,0.9996517638929934,-0.018053939502510524,0.019245940196989497,7.064870410831855,0.018564048981420445,-0.037205816984053494,-0.9991351776751551,6.39323475065621,0.018754386981232544,0.9991445253070191,-0.036857706357956765,6.086773369952114,31.139596200175248,27.29278266306183,26.311430218017634,10.93370037475425,2.8790364136462347,12227.0,22361.722268285204, 0.0, 0.0,0.0,NaN, 194.19012273698644,194.19012273698644,0.0, 49.904754415646984, -0.23479913438389552, 0.1765461414931973, -0.23479913438389552, 37.058297220456055, 0.137706166284978, 0.1765461414931973, 0.137706166284978, 40.87160291990085, 3.512915545880887, 2.121942725463222, 0.0, 0.0
64, 0 ,1.0,1.0,1.0,224.8254734848485,124.51590909090909,182.2597537878788,7.076639089182065,9.539269551044946,7.8001644757319495,29.0,42.0,34.0,-0.04181408370015438,0.9680630140456513,-0.24719543531619953,9.675078654367526,-0.6257382350050763,0.16750720851638712,0.7618352816375598,8.568914212391396,0.7789115762761833,0.18653507962819346,0.5987498813453368,5.906404360267086,44.03944358382858,39.63965462198449,27.242886760722627,13.652383446899018,3.940999420621804,21120.0,47558.13444426587, 0.0, 0.0,0.0,NaN, 187.13146884370803,187.13146884370803,0.0, 50.078820798539574, -6.416636320592271, -17.76574562205868, -6.416636320592271, 90.99766356749325, -9.133819946625295, -17.76574562205868, -9.133819946625295, 60.84256584847068, 3.504675136752088, 2.272908052917297, 1.0, 0.0
65, 0 ,1.0,1.0,1.0,162.06592280541955,222.15438916087896,207.42126835933053,6.012367521412098,5.686871212685079,6.141388002563275,26.0,24.0,27.0,-0.4416441743070214,0.38639145459152663,0.8097234510123277,6.409141139151428,-0.8775674294347925,-0.37376552552984976,-0.3002910899787158,5.931333272916941,0.18661680014371523,-0.8432087379433632,0.5041559224685169,5.4724683155090625,28.284180904905554,27.298382557615696,24.6903385671514,9.958523810746875,2.652077960960752,8783.0,19063.716337557704, 0.0, 0.0,0.0,NaN, 183.45727113045004,183.45727113045004,0.0, 36.14856321253105, -0.182783937623689, -2.600923873397735, -0.182783937623689, 32.34050418966626, 4.069311181230458, -2.600923873397735, 4.069311181230458, 37.71664659802813, 2.6584519394659094, 1.5758946552403645, 0.0, 0.0
66, 0 ,1.0,1.0,1.0,34.71442442216563,38.30072402566004,189.487125495632,22.23681087943392,25.27847236177116,44.0809633516236,98.0,108.0,189.0,-0.10981830701415152,-0.2739118622477791,0.9554644060165186,45.5926933331932,-0.16169997342749784,-0.9435492007828097,-0.2890813454646773,22.89343016347927,-0.9807104863506316,0.18624499301209502,-0.05932743496758156,21.767071989935175,189.93576920633018,116.75571887146815,111.0445219716332,51.57229714808677,20.418286409732215,775525.0,2462533.010441536, 0.0, 0.0,0.0,NaN, 122.00463989156401,122.00463989156401,1.3486991523486091E-6, 494.47575808771074, 55.9508341454998, -166.04546704407636, 55.9508341454998, 639.0011649448285, -406.2992101105202, -166.04546704407636, -406.2992101105202, 1943.1313300071834, 4.774010435838594, 3.4535469650417028, 5.0, 0.0
67, 0 ,1.0,1.0,1.0,28.25384655201418,285.3734293515535,248.03644033800484,17.21720493129724,8.934184472721052,25.93113881707142,68.0,36.0,103.0,-0.23857329324795257,-0.03774305045651763,0.9703907696856269,26.400538138389273,-0.9618803850484128,-0.1283613694325467,-0.24147356728329297,16.614906982373018,-0.13367463711543837,0.9910089913717424,0.0056807052746771156,8.696678110616155,112.11231817875517,75.29870692580141,38.55698411105669,30.383963199176147,11.202255955859261,154554.0,325494.6895731203, 0.0, 0.0,0.0,NaN, 60.92969675506756,60.92969675506756,0.0, 296.43214564628596, 30.340866274897532, -97.2977837117228, 30.340866274897532, 79.81965219260994, -16.54520202717484, -97.2977837117228, -16.54520202717484, 672.4239603502282, 4.851166876017402, 3.6862094149507043, 3.0, 0.0
68, 0 ,1.0,1.0,1.0,228.6333217445598,54.83599520366678,23.415776814411704,23.689555794270593,23.41885615907797,15.560241576056464,120.0,108.0,76.0,0.8676820203508838,0.4691120974706245,-0.16450456396866298,24.10197689338544,0.4651847040694812,-0.8828908374402812,-0.0640855698561588,23.226193405044,0.17530288833786398,0.02091911017971195,0.9842922778167529,15.211760094640091,126.26771740096686,114.79066373575158,84.78550864605192,34.66705221247013,12.245590485256688,281882.0,1228911.2687050872, 0.0, 0.0,0.0,NaN, 92.99724586789884,92.99724586789884,0.0, 561.1950537298594, 15.741794311985403, -59.07162326243764, 15.741794311985403, 548.4428237995842, -9.541764418693125, -59.07162326243764, -9.541764418693125, 242.12111790523613, 4.533891455435408, 3.105908132371104, 6.0, 0.0
69, 0 ,1.0,1.0,1.0,211.2123142678575,228.6718009717546,216.61063285014416,11.0065449502652,11.000690257698306,12.376369244646513,48.0,52.0,55.0,0.5929368184066323,0.2231154336809007,0.7737218057100395,15.04708028513468,0.40344363430690644,-0.9138651193316458,-0.045648412964664715,11.198751480827312,0.6968925048492454,0.339219761986741,-0.6318787777434873,6.595989215518647,71.78189981982285,51.44655223483346,30.929067026973826,18.878830090498628,6.23887072970259,49601.0,114218.91842312556, 0.0, 0.0,0.0,NaN, 141.15506249488945,141.15506249488945,0.0, 121.14403174220838, -6.0003374132285225, 82.40375043759228, -6.0003374132285225, 121.01518614581843, 34.99198589075875, 82.40375043759228, 34.99198589075875, 153.1745156798321, 4.75010971209255, 3.183447937407587, 4.0, 0.0
70, 0 ,1.0,1.0,1.0,20.123216264893323,243.9575540315877,210.56220559711832,9.98744390119311,12.5770436495491,11.491846108107632,42.0,54.0,51.0,0.026366127641863895,0.8411548186220505,0.5401512736466318,13.330940237653879,-0.5881892278179889,-0.4238505139195846,0.6887555256613054,11.273569652839226,-0.8082934241920138,0.3358709766547412,-0.4835829064896111,9.22963971546315,55.56964177786921,49.17490367583069,42.841265295395765,19.02229651500698,5.305263886904349,57744.0,117069.40311560221, 0.0, 2.8421709430404007E-14,0.0,32.73773272989149, 107.44681777799755,107.44681777799755,0.0, 99.74903567947946, 12.499705650201808, -15.659602605006054, 12.499705650201808, 158.18202696266334, 29.806126453285668, -15.659602605006054, 29.806126453285668, 132.06252697242851, 4.9291965426517415, 3.5081913949860835, 2.0, 0.0
71, 0 ,1.0,1.0,1.0,203.95143247666493,11.753961117205906,263.12534395626136,17.639364854747512,8.174873857051159,19.723322245836844,85.0,34.0,81.0,-0.0750258069122417,0.06739374763749967,0.9949016087415579,19.774333040104896,0.99670635415956,0.03586722213087724,0.07273228962828036,17.633189002714232,0.030782655426794703,-0.9970815539142157,0.06986274378299162,8.064216879790406,82.13838128956382,85.95648902724332,36.85856949852334,26.196492928136493,8.984929256088488,111206.0,260233.54862136333, 2.8421709430404007E-14, 0.0,0.0,85.69729489046686, 103.55299698016216,103.55299698016216,0.0, 311.1471924789018, 7.142313759995141, -6.507364866034443, 7.142313759995141, 66.8285625786985, 22.499330395727387, -6.507364866034443, 22.499330395727387, 389.0094404131225, 4.864780336827189, 3.6082797331214937, 2.0, 0.0
72, 0 ,1.0,1.0,1.0,194.92452872464375,116.97526364532608,8.767753114450453,28.371507431269567,22.525618193265068,6.451531841276375,139.0,107.0,29.0,-0.9539620617468618,0.2985839466622333,-0.02835509730687157,28.94615174478277,-0.2987587932530603,-0.9543264643468884,0.002045214204607091,21.796989259371266,0.026449351630097474,-0.010422391413315003,-0.9995958210974948,6.401541252323931,144.27385559994778,104.81640483732298,31.214055425171765,33.84260884509775,14.44458371044338,133892.0,472027.27579759684, 0.0, 0.0,0.0,NaN, 157.48314342591627,157.48314342591627,0.0, 804.9424339225843, -103.21119231069788, 21.290630845917047, -103.21119231069788, 507.4034749887542, -7.594189359221705, 21.290630845917047, -7.594189359221705, 41.622263099002936, 5.370472191802048, 3.9919865558979573, 3.0, 0.0
73, 0 ,1.0,1.0,1.0,168.4932491785145,142.4463675700296,67.52851612063637,9.97620366969357,9.177013818138976,8.152540202612347,43.0,38.0,36.0,-0.7839051683484767,0.4328696898431216,-0.44510281806754126,10.442535264883054,-0.5814703608041175,-0.7631790562745174,0.28186867078529126,9.425148361441972,0.21768074453859232,-0.47977240404076826,-0.8499609013231527,7.233682992723228,45.10243151819651,43.486120572685735,33.82831511461785,15.244315311507133,4.221017023902898,30737.0,66348.48167649588, 0.0, 0.0,0.0,NaN, 205.29270234222966,205.29270234222966,0.0, 99.52463965920745, -3.046178180343512, 13.807306083709893, -3.046178180343512, 84.2175826183137, -18.781704173313518, 13.807306083709893, -18.781704173313518, 66.46391175521057, 4.603540925342089, 3.4907419669492845, 3.0, 0.0
74, 0 ,1.0,1.0,1.0,116.50880277317025,27.757974106406056,273.0744461525299,34.52408387511841,18.047658042321768,18.140121113722213,174.0,92.0,78.0,0.9701607373016219,0.22028958295192938,0.10129483422780303,35.29652177910729,-0.20874921397203386,0.5463644715563062,0.8111162862913411,18.934204266376913,-0.12333656985837993,0.8080583913702424,-0.5760466358479196,15.56745905231236,175.23865096805227,101.28803979834515,83.21538406325499,40.00763213750753,15.687054949843466,362329.0,1477038.071180966, 1.4210854715202004E-14, 0.0,0.0,14.031934536916811, 122.75907990907393,122.75907990907393,1.9073486328125E-6, 1191.9123674162106, 201.21580508761204, 78.94818122202769, 201.21580508761204, 325.7179608125816, 73.86957821883705, 78.94818122202769, 73.86957821883705, 329.06399402051045, 5.228157790800877, 4.265221090747291, 3.0, 0.0
75, 0 ,1.0,1.0,1.0,157.95987105114068,95.08196551256374,64.01107555796715,15.143046479627902,15.542765174045734,13.718632045328734,61.0,69.0,66.0,-0.2328605593239672,0.8168743006505249,0.5277237315566217,17.124983299049212,-0.9514019618180152,-0.07890533062759393,-0.2976713890305578,15.15452894702104,0.20151989221950423,0.5713933196452916,-0.7955497516212128,11.668996123746345,79.17697888978272,66.74492489154721,55.995294187030865,24.6338242691139,7.229451778199851,125321.0,295916.1758830701, 0.0, 1.4210854715202004E-14,0.0,35.2268877196901, 182.51957755711774,182.51957755711774,0.0, 229.311856684171, -22.864458434239204, 7.172714062136359, -22.864458434239204, 241.5775492555289, 69.91908963277193, 7.172714062136359, 69.91908963277193, 188.20086519512043, 4.29981559883126, 2.920948514110337, 5.0, 0.0
76, 0 ,1.0,1.0,1.0,148.34352418010005,234.71817676486938,73.20011117287382,3.216109227628093,3.3284292308780135,3.762247738742621,13.0,14.0,16.0,-0.022997965393201456,-0.014811500866598111,0.999625786497053,3.7626222036604275,-0.22741949352736188,0.9737534633773324,0.009196005894363452,3.334687617914356,-0.9735252783320688,-0.22712290065673624,-0.025762772477723777,3.209180643111566,16.092629481865657,14.76964595491944,13.868731439033752,5.761306537302972,1.543908915675334,1799.0,3296.353927175292, 0.0, 0.0,0.0,NaN, 177.8363682906167,177.8363682906167,0.0, 10.343358564034569, -0.18056322439648814, -0.09042173698500902, -0.18056322439648814, 11.078441144963206, -0.04977411637185912, -0.09042173698500902, -0.04977411637185912, 14.154508047673966, 2.371054587926117, 1.1824291802245537, 0.0, 0.0
77, 0 ,1.0,1.0,1.0,107.325,201.07990625,54.52896875,9.62763600267527,8.609149710697908,8.83058807846458,43.0,39.0,38.0,0.9631307175983442,-0.2457292293295842,0.10952792644611747,9.70754315950418,-0.06169612566766296,0.19452888575209878,0.978954595824365,8.828471919988239,0.26186410387087733,0.9496186910866571,-0.1721962039150893,8.52113894482906,43.50976881753159,38.74706521859355,38.95990603632072,15.131031422847927,3.9799507074238405,32000.0,65681.56470563571, 0.0, 0.0,0.0,NaN, 155.81158174361516,155.81158174361516,0.0, 92.69137500000906, -5.182344531250018, 1.9593351562499866, -5.182344531250018, 74.11745874120989, 0.4333570908203434, 1.9593351562499866, 0.4333570908203434, 77.97928581152074, 3.4804211519658566, 2.3122832340381527, 0.0, 0.0
78, 0 ,1.0,1.0,1.0,18.23372469581673,182.833388861495,53.67145541532844,11.584681469956116,11.709230605259549,13.593830011403512,45.0,50.0,59.0,-0.2385778016815158,0.17042791421502584,0.9560517551896085,13.843344075120992,0.6614538164192052,0.7493246781666855,0.031486114953451515,12.36693136033517,-0.7110270608698972,0.6398959702535321,-0.29150242874461085,10.560491184267768,62.811257747573876,60.983472599229785,51.292209001128214,20.556361145403706,5.7913001101845145,75037.0,196472.17096827665, 0.0, 0.0,0.0,NaN, 130.15801399976903,130.15801399976903,0.0, 134.2048447603446, 17.270613512628984, -17.410890428375758, 17.270613512628984, 137.1060813671469, 14.03080527742897, -17.410890428375758, 14.03080527742897, 184.79221437893477, 4.324478487813025, 3.111876897397888, 1.0, 0.0
79, 0 ,1.0,1.0,1.0,16.33660542805595,34.337711215007666,34.08935534560692,9.46508138967633,11.027397266276681,11.650117165517907,38.0,48.0,49.0,0.17300684833232702,0.4726222512077398,-0.8641162179321976,11.742855014305434,-0.4189973379572786,-0.7586806773488467,-0.49884352316353725,11.412085415162075,0.8913528264468733,-0.44836574075282015,-0.06677051223666004,8.876156191833571,51.47485978868441,51.93504745104854,42.60142532611228,17.95875167644692,4.939607714736071,51547.0,113888.48996371953, 0.0, 0.0,0.0,NaN, 51.0690438159587,51.0690438159587,0.0, 89.58776571319721, 21.188165610188822, 1.9170775292135818, 21.188165610188822, 121.60349046828644, -4.668195973700129, 1.9170775292135818, -4.668195973700129, 135.725229970295, 3.681573837724951, 2.3942905735923783, 1.0, 0.0
80, 0 ,1.0,1.0,1.0,264.3026186579378,215.62234042553192,32.42111292962357,6.639334482717934,5.86742582808717,7.655795665508767,29.0,25.0,35.0,0.48829028767031546,0.24877612874023308,0.8364705809147522,8.137945747585826,-0.7061730114080483,-0.45051699484445906,0.5462180107934975,6.39856288806938,-0.5127302145629109,0.8574058986998745,0.04430408501404032,5.47274039858512,36.66931638642319,28.077750307092316,24.759624832043286,11.242820066129518,3.273782591157372,12220.0,25492.309407587923, 0.0, 0.0,0.0,NaN, 97.18549806190654,97.18549806190654,0.0, 44.08076237340741, 7.903157537347222, 10.57690052260611, 7.903157537347222, 34.42668584810441, 4.844061879722801, 10.57690052260611, 4.844061879722801, 58.61120727202282, 3.164498036980336, 2.099781360969757, 2.0, 0.0
81, 0 ,1.0,1.0,1.0,156.14336897719005,112.51797747476985,28.90223512290803,14.629675268132587,17.37447220192905,12.37196266644283,65.0,80.0,58.0,-0.11576683530210163,0.9439258632021436,0.3091957383636176,17.99379266591448,-0.9428190877213317,-0.0064731346364755825,-0.3332420537031504,14.913073669583868,0.3125543275535494,0.3300940219180962,-0.8907006955321656,11.081010882952727,81.70341129476395,65.27875060201714,49.59655136198252,24.813728673158398,7.296849477775784,126436.0,264523.0385193756, 0.0, -1.4210854715202004E-14,0.0,19.27833445395774, 184.90636749270035,184.90636749270035,0.0, 214.02739845101027, -21.355075909433573, 24.102187540945952, -21.355075909433573, 301.8722842956052, 58.87473282582207, 24.102187540945952, 58.87473282582207, 153.06546021985517, 4.518917222053879, 3.04769058895254, 3.0, 0.0
82, 0 ,1.0,1.0,1.0,124.23318090425437,275.1508473021969,50.821607335210295,40.99161123272119,16.24140130424509,33.21146717837734,181.0,77.0,138.0,-0.9745889980258472,0.0502136690969729,-0.2182999596032816,41.44921226074326,0.20647643276368452,-0.17649640803088168,-0.9624014238691564,33.10431164038689,-0.08685486537988718,-0.9830196363186321,0.16164351818685918,15.269715573661472,193.84978101423596,158.80737072012676,84.28864296604854,51.874984054883434,18.870158696358374,730613.0,2594806.8276409563, -1.4210854715202004E-14, 0.0,0.0,12.944118933249396, 136.5071404708275,136.5071404708275,0.0, 1680.3121914545538, -104.10620547490883, 144.47469846052257, -104.10620547490883, 263.78311632553414, 130.26722195468483, 144.47469846052257, 130.26722195468483, 1103.0015521404355, 5.321745345940561, 4.003036253393522, 7.0, 0.0
83, 0 ,1.0,1.0,1.0,55.57883100732348,42.08829625535443,91.61531021141357,5.627027163442881,5.578222359706048,5.38893568649325,24.0,24.0,23.0,-0.8236190394622969,0.5518322743154975,0.13089239419839577,5.6613133063366154,0.5671268609002957,0.8031248992779045,0.18264041120527408,5.554035590496117,0.004336067409506306,-0.22465871268134696,0.9744278635875412,5.377996609575674,25.011649692375187,24.73283568298332,23.768465273420546,9.271316547023845,2.421428650712213,7237.0,14703.387057275757, 0.0, 0.0,0.0,NaN, 115.1251328031922,115.1251328031922,0.0, 31.663434698124032, -0.5449596536796593, -0.13783812016186822, -0.5449596536796593, 31.116564694324516, 0.5081963209764665, -0.13783812016186822, 0.5081963209764665, 29.040627833160475, 2.636568786295076, 1.6288393958316523, 1.0, 0.0
84, 0 ,1.0,1.0,1.0,5.242344706911636,234.21682706328374,118.84543598716827,3.5119514959039075,6.641779643033239,7.012073100508177,13.0,29.0,29.0,-0.017012366069684395,0.5303778493523204,0.8475906537457323,7.238684962441404,0.035872512641707696,-0.8468437966237614,0.5306305183049912,6.397837104395975,-0.9992115603001606,-0.03943248706663799,0.004619169433768062,3.5050434666636603,31.283957847407095,27.013852116541543,13.669340902902471,9.787291956624278,3.1345056163390983,6858.0,11551.96288004322, 0.0, 0.0,0.0,NaN, 135.9380214459079,135.9380214459079,0.0, 12.333803309581695, -1.2321911022422813, -0.03311674113059352, -1.2321911022422813, 44.11323682661073, 5.159789543173012, -0.03311674113059352, 5.159789543173012, 49.16916916687036, 3.3032317094767745, 1.997712978381924, 0.0, 0.0
86, 0 ,1.0,1.0,1.0,92.3268423861294,157.9027273488265,274.4154275968149,29.373735360907652,24.08999246179091,16.594953850919627,164.0,130.0,73.0,-0.9058148884084105,0.4184357598881285,-0.06641462779013997,30.76338106468199,-0.39755739809534607,-0.8936561288398857,-0.20815099953295713,22.5957222252091,-0.14644966083032482,-0.1621426477943258,0.9758392585917668,16.17356737910002,146.35700499894082,135.07114539495907,88.76846829910235,38.971336880816466,14.13405323670316,382276.0,1754829.0793541681, 0.0, 0.0,0.0,NaN, 171.37809388877258,171.37809388877258,0.0, 862.8163290526367, -171.09869666385555, 61.80099146779769, -171.09869666385555, 580.3277368091428, 27.283757481995202, 61.80099146779769, 27.283757481995202, 275.39249331415215, 4.521294098128474, 3.3298651929292187, 3.0, 0.0
87, 0 ,1.0,1.0,1.0,274.7310483677164,258.2948363978147,19.003278986184466,16.606059951073483,25.954266700788054,13.05604650589059,75.0,103.0,53.0,-0.22011483620003305,0.9745035238236277,0.04350104527440124,26.413073364711796,-0.84006424577317,-0.1667040716179583,-0.5162381383427134,17.333477089415847,-0.49582408358024377,-0.15017534605030083,0.855339607162257,11.033841799632118,116.66236083263611,90.51601791328068,57.31887886780936,31.444302364549845,11.449951364304404,187253.0,605276.6045513464, 0.0, 0.0,0.0,NaN, 52.33512395998014,52.33512395998014,0.0, 275.76122709864666, -98.50706503678727, 71.98461512660508, -98.50706503678727, 673.6239599756357, 39.79277752800629, 71.98461512660508, 39.79277752800629, 170.46035036397788, 5.854757697053512, 4.4653099927533475, 1.0, 0.0
88, 0 ,1.0,1.0,1.0,96.89797068771139,23.338384204048282,177.35918930939255,15.593349557287397,15.114755856079228,20.240630594183944,70.0,64.0,92.0,0.18108425461435507,-0.12299439108122445,0.9757463156442472,20.471373432838945,0.8484985978618884,0.5211792024698809,-0.09177346206430663,15.606083979404003,-0.49725106551637815,0.844538109664341,0.19873791577705816,14.787309912756168,94.9530214931161,74.32320552999272,71.50420488769979,28.483262474172612,8.366318227403653,193366.0,504620.39943491097, 1.4210854715202004E-14, 3.552713678800501E-15,0.0,82.03954400252509, 158.0337474955959,158.0337474955959,0.0, 243.15255041575506, 6.541123992644346, 33.473549878908265, 6.541123992644346, 228.4558445888813, -25.24205638474287, 33.473549878908265, -25.24205638474287, 409.6831268502151, 4.478828538778572, 3.077306439842782, 2.0, 0.0
89, 0 ,1.0,1.0,1.0,140.24336973478938,73.29711541402833,189.74002018904287,9.660774950623747,9.189648419010355,8.609415459451435,42.0,40.0,38.0,-0.935355628229173,-0.3326533706379591,0.12021474012455349,9.782954032325147,0.230112047271727,-0.8304032042109303,-0.507423850579211,9.332079639403931,0.2686229596300801,-0.44695889457468385,0.8532698589075748,8.313142923726007,43.1549335361878,41.46933219713232,38.13316525814852,15.359334639709786,3.9991354928879845,32691.0,68243.35182234111, 0.0, 0.0,0.0,NaN, 192.86765677660654,192.86765677660654,0.0, 93.33057264659926, 4.840297016487438, -5.090104329143382, 4.840297016487438, 84.44963806501953, 6.512256703796961, -5.090104329143382, 6.512256703796961, 74.12203455344137, 3.0832792554536246, 1.9292171800774929, 0.0, 0.0
90, 0 ,1.0,1.0,1.0,248.9373780515909,204.40469203705695,249.61561861451244,9.122083810669094,13.483043184618332,12.892484944671542,40.0,64.0,56.0,0.23533855565136658,-0.7931936094200006,0.5616579583689705,14.258205839639327,-0.02307631317426518,-0.5822861438909361,-0.8126563421292593,12.320533663123053,-0.9716394639958857,-0.178288374853482,0.1553383642178984,8.725196336247285,65.1549767924239,57.60722969695615,39.937521768651465,19.88173248917121,5.99481007579248,65089.0,149901.40290852328, 0.0, 0.0,0.0,NaN, 119.5175307324174,119.5175307324174,0.0, 83.2124130488712, -22.721480976154936, 18.22793807667602, -22.721480976154936, 181.79245351828283, -20.84823871813768, 18.22793807667602, -20.84823871813768, 166.21616804858238, 3.9331174798656754, 2.6101995321872438, 4.0, 0.0
91, 0 ,1.0,1.0,1.0,53.31269551348495,99.8883693871872,66.44155839304958,35.83812363355401,28.11474462691327,34.416612010948405,138.0,173.0,154.0,-0.8565740166510847,-0.04252854024372519,-0.5142686819775875,36.95436696345785,0.42170941355563785,0.5166614818058137,-0.7451322592243478,35.85146959435092,0.29739220655018384,-0.8551328765068965,-0.42462411495374836,24.66495577895968,157.72900567965615,201.88945348408043,125.78262332187188,54.145889640027775,18.097949840049093,1070898.0,4005399.5627524657, 0.0, 0.0,0.0,NaN, 131.27989382781251,131.27989382781251,0.0, 1284.3711055739027, 175.08472906398237, 120.85915890094951, 175.08472906398237, 790.4388654365487, -244.05762444407125, 120.85915890094951, -244.05762444407125, 1184.5031823121578, 4.966495120374403, 3.8116723630430696, 2.0, 0.0
92, 0 ,1.0,1.0,1.0,231.54329676643266,231.6188432821465,50.51853523785585,20.479285996333747,20.283551965156377,28.145980609721164,115.0,107.0,120.0,0.2972001975672258,0.21774163784783815,0.9296561846797677,28.94729088482965,-0.6339144986749139,-0.6831081681181386,0.3626508500197043,22.54104458788327,-0.7140199233464952,0.6971024385250868,0.06499030132752949,16.64258150173065,136.24137693040097,109.3591770578283,95.36878772155079,38.24986918393761,12.647820647736834,389879.0,1420922.9204873417, -2.8421709430404007E-14, -2.8421709430404007E-14,0.0,68.94593593373321, 109.15321898257893,109.15321898257893,0.0, 419.4011549196315, 136.38574946579854, 101.85986130547282, 136.38574946579854, 411.42248032319907, 56.298212853274435, 101.85986130547282, 56.298212853274435, 792.1962244827998, 4.910035304118295, 3.4352768129941955, 4.0, 0.0
93, 0 ,1.0,1.0,1.0,91.51892214475468,215.81267577720524,118.74716808030693,20.222007729574443,31.028624510170413,21.634141510934555,99.0,160.0,119.0,-0.3422368506066013,0.9354645251687411,0.08820464975100215,32.628875779875415,-0.5236866309038213,-0.11195945331627127,-0.844521991084736,23.680787087814927,-0.780145019018567,-0.3352181423550105,0.5282069162142582,14.639603914255876,168.623383459105,117.00384749289634,72.06087524853235,40.4300532514271,14.32312845051958,449077.0,1421731.1375914628, 0.0, 0.0,0.0,NaN, 171.94216643227543,171.94216643227543,0.0, 408.9295966149685, -251.91846100427375, 127.55915341742701, -251.91846100427375, 962.7755389931482, 102.92105367324382, 127.55915341742701, 102.92105367324382, 468.0360789151416, 5.337818753990903, 3.919027439883839, 2.0, 0.0
94, 0 ,1.0,1.0,1.0,7.531268827569587,251.17014098084107,195.60802506326064,5.1077866994201315,6.956579229034597,6.212623199115891,20.0,30.0,27.0,-0.10617504373496048,-0.9034009411271058,-0.4154438586121334,7.23614912444305,-0.5081512936157534,-0.30983073186211435,0.8036088478796276,6.318597314950945,-0.8546982642339432,0.29643153874789635,-0.4261680653815333,4.560004426655585,33.03367361444572,30.035935427164986,22.27953690674763,10.191957621631348,3.0338369088779884,8299.0,22105.69608798242, 0.0, 0.0,0.0,NaN, 115.49354775560788,115.49354775560788,0.0, 26.0894849667732, 6.039986554460988, -6.4197834081113525, 6.039986554460988, 48.39399456983559, 7.0846449705598245, -6.4197834081113525, 7.0846449705598245, 38.59668701419296, 2.9630393776488257, 2.0063918391302624, 1.0, 0.0
95, 0 ,1.0,1.0,1.0,243.21266360690177,277.45188629133816,241.70498534774487,16.442875079094964,14.846154144623892,18.94211267204624,86.0,62.0,94.0,0.4168250529167533,0.19152447841139505,0.8885804687422454,19.59741582640954,-0.7690801444212159,-0.44677334366294547,0.457065980848797,16.263342501431225,-0.48453339071521917,0.8739061468839053,0.038928649097268286,14.178330291013948,98.88305470621822,76.53272876224531,71.24907804153607,27.735110626878768,8.963464996750593,167551.0,539198.0606691467, 0.0, 0.0,2.8421709430404007E-14,27.30459229378707, 84.4483732214439,84.4483732214439,0.0, 270.36814086672223, 36.42099055014328, 45.48104136704148, 36.42099055014328, 220.40829288593318, 18.188424655066935, 45.48104136704148, 18.188424655066935, 358.80363248049474, 5.147794806668953, 3.7025941281880015, 2.0, 0.0
96, 0 ,1.0,1.0,1.0,171.07181818181817,73.43575757575758,86.06333333333333,5.112491508206908,3.7380670992105176,4.16681563370074,22.0,16.0,18.0,-0.9962493792903695,0.023718006815647754,0.08321436424227584,5.118355961688163,-0.08517498099431714,-0.4382388907354236,-0.8948138897332802,4.283996072363351,0.015244568743358309,-0.8985455641199718,0.4386154036558118,3.594840397899104,22.297779814988502,18.90643332160022,15.29362335139625,7.295612928756043,2.060849237258293,3300.0,6447.355542328771, 0.0, 0.0,0.0,NaN, 171.52895936870846,171.52895936870846,1.9073486328125E-6, 26.137569421487747, -0.11099228650136936, -0.6866696969697093, -0.11099228650136936, 13.973145638200133, 2.155432323232347, -0.6866696969697093, 2.155432323232347, 17.362352525252895, 2.2240287629943905, 1.1351167174497019, 1.0, 0.0
97, 0 ,1.0,1.0,1.0,164.58354097482822,161.92001088228562,110.46249282071435,17.449458610087902,19.072913501633302,19.51113889623872,77.0,88.0,102.0,0.2602240719211003,0.6525788554570631,0.7116349273350429,21.740129530755603,-0.9129621513625741,-0.07361445914570368,0.40134900222139025,17.128235268806428,0.3142984927934305,-0.7541364258640709,0.576623541500642,16.820656967451065,112.03249286459376,84.13952469834223,78.8424558503871,30.92780563248789,9.613272856492573,231569.0,743197.427350901, 0.0, 0.0,0.0,NaN, 222.72328816230808,222.72328816230808,0.0, 304.4836057851708, 32.915791532877265, 31.303172467543927, 32.915791532877265, 363.77602944078586, 87.78718548043175, 31.303172467543927, 87.78718548043175, 380.6845410283194, 4.600237710725291, 3.1635688815035006, 2.0, 0.0
98, 0 ,1.0,1.0,1.0,122.75940740740741,103.50962962962963,249.06014814814816,4.28456796092639,4.570029160682941,4.264888168424036,18.0,20.0,19.0,0.03559669233964364,0.8340981851950834,0.5504662505083717,4.787576243750472,-0.9679014475451815,0.1659023506011549,-0.18879406215491432,4.301957685665255,-0.24879642950496483,-0.5260766365457417,0.813230415777903,4.0005292164255515,20.856457539096198,18.67510935623639,17.163332189740743,7.3278383656385495,1.9325488654956118,3375.0,6685.0599672586595, 0.0, 0.0,2.8421709430404007E-14,56.60099441691558, 168.46063053357466,168.46063053357466,0.0, 18.35752261179692, -0.1964979972565131, 0.5928415692729797, -0.1964979972565131, 20.88516652949242, 3.097346721536366, 0.5928415692729797, 3.097346721536366, 18.189271089163324, 2.263481225128527, 1.2838012510034558, 0.0, 0.0
99, 0 ,1.0,1.0,1.0,201.76357602101487,258.27217881448735,33.08730441325657,12.878737450922314,16.147987619096146,19.10508666632349,55.0,75.0,84.0,-0.22736944660654967,-0.4813163351038078,0.8465445766833961,19.903600580622037,-0.49756974744492244,-0.6898486049905461,-0.5258642872644939,17.05016932032019,-0.8370946667954753,0.5407804432067017,0.08263795173971662,10.235337272385179,96.26184623676286,78.85631247574275,46.152040300191544,26.82076365137006,8.501197336927667,148847.0,350333.4101668341, 0.0, 0.0,0.0,NaN, 111.74245285657797,111.74245285657797,0.0, 165.86187832978896, 95.71447355109916, -7.432918838761074, 95.71447355109916, 260.7575041464824, -51.273932048978075, -7.432918838761074, -51.273932048978075, 365.00433652773165, 4.011053583357119, 2.6500893492813278, 0.0, 0.0
100, 0 ,1.0,1.0,1.0,286.66373338128125,52.02178281701165,31.198097242641225,8.770855094647812,31.203737057020437,20.901523494390513,34.0,116.0,116.0,-0.019414232392736246,-0.9966647348373121,0.07926218462968887,31.267200882249096,-0.17882231251836495,-0.07453737954413166,-0.9810539024927625,21.10539953594783,-0.9836898231282994,0.03322025560353384,0.17677880668069573,8.024901819875021,121.95408401150331,125.66671635773477,41.81457156135673,35.78086826188563,14.394591214313875,189094.0,640832.1135502422, 0.0, 0.0,0.0,NaN, 62.108318012543045,62.108318012543045,0.0, 76.9278990913095, 22.749542990273554, 65.4419876424959, 22.749542990273554, 973.6732063236705, -44.28034185401144, 65.4419876424959, -44.28034185401144, 436.8736843865586, 4.208368941866038, 2.8100335262340175, 1.0, 0.0
101, 0 ,1.0,1.0,1.0,272.734872149942,88.62664240628622,71.72414015200309,14.135025102492364,12.23834412062919,17.546346483277397,59.0,54.0,81.0,0.43144665773655,0.147965918594552,0.8899212709349241,18.540602495746413,-0.8298987192087109,-0.3216890142710016,0.45583362529885013,13.08909571087914,-0.353725737519482,0.9352124170646055,0.01599492370962989,11.931970036017374,86.80048794159237,62.862112322731406,54.812506187539384,24.55344470693859,7.387735065465452,124208.0,299082.3583787013, 0.0, 0.0,0.0,NaN, 117.22807352096136,117.22807352096136,NaN, 199.79893464808924, 20.585541680740253, 66.36873357066905, 20.585541680740253, 149.77706681493908, 22.27208614106087, 66.36873357066905, 22.27208614106087, 307.8742749112211, 3.947780447235012, 2.672379094125772, 0.0, 0.0
102, 0 ,1.0,1.0,1.0,148.7251461988304,232.07031807160178,96.44059335330195,4.8043649138891285,6.475988732673264,5.8405085418426115,21.0,28.0,26.0,-0.0409236364231001,0.9290040695130735,-0.3677998026237352,6.623725946082163,0.5618909606657259,-0.28298744494846895,-0.7773008776038303,6.332239576000472,-0.826198404927084,-0.23847336293533075,-0.5104181137716965,3.8936986095726254,29.864507310961528,28.570184154461728,17.386378895502162,9.52165783457805,2.910313453921078,7011.0,14834.657843956578, 0.0, 0.0,0.0,NaN, 189.8272868822967,189.8272868822967,0.0, 23.081922225808896, -5.056696202542207, -10.458989674538161, -5.056696202542207, 41.938430065711074, -4.325661463867892, -10.458989674538161, -4.325661463867892, 34.11154002733651, 2.57260922192167, 1.5269634854350966, 1.0, 0.0
103, 0 ,1.0,1.0,1.0,162.2211325345686,34.392836391162625,106.416585002038,38.35351682936389,21.46823188299816,31.950014582896046,193.0,98.0,176.0,-0.9616068476697652,0.2590597269126646,0.09055566468505809,39.54142196676878,0.02193717223154195,-0.25635783218915253,0.9663329769545081,32.541214700350224,0.2735526110076464,0.9312189429813024,0.24083240903932623,18.172120401356416,200.28721048322078,186.3429939361206,98.53807809202299,51.198186642905384,18.20511877708082,807163.0,3677649.822243673, 0.0, 0.0,0.0,NaN, 177.455270641878,177.455270641878,0.0, 1470.9922531802993, -311.3294010843605, -91.94677067335164, -311.3294010843605, 460.8849801821787, -151.5875058968248, -91.94677067335164, -151.5875058968248, 1020.8034318472701, 4.423539650041632, 3.033589421759071, 0.0, 0.0
104, 0 ,1.0,1.0,1.0,171.39180435761543,240.3303312665258,111.34235108016674,12.950779018359688,13.320693787724355,11.757731268468111,60.0,60.0,50.0,0.5366483893178821,0.8132305699920807,-0.2250878634508724,13.409636741667878,-0.7366414427533305,0.5816189406415555,0.34507795163598237,13.147041833389101,0.41154330399219713,-0.01937647845584859,0.9111842080621434,11.434366542919829,58.51018876952418,60.403185698996865,51.72098485099656,21.21309474233856,5.780347411945401,86607.0,182792.39763035858, 0.0, 0.0,0.0,NaN, 180.27106394874227,180.27106394874227,0.0, 167.72267718238552, 3.379147980336243, -16.629510307519165, 3.379147980336243, 177.44088298631823, -0.5332169692113479, -16.629510307519165, -0.5332169692113479, 138.24424458151276, 4.611317511465862, 3.295748449557384, 1.0, 0.0
105, 0 ,1.0,1.0,1.0,219.94056640212375,179.86500628458387,121.6778964035962,19.368106533239605,27.417130465786265,22.339530499122265,99.0,127.0,110.0,-0.24178681784819742,0.969946716081542,-0.02724890231688093,27.881644052958908,0.22554619663342096,0.02886652116486664,-0.9738047222826745,22.523798699120576,0.9437521114673287,0.24159903128628363,0.22574733704406924,18.470777830066417,129.68908146674715,107.22666290533084,87.57034176712733,38.62863967004446,11.563105717034478,468607.0,1217764.330908664, -2.8421709430404007E-14, 0.0,0.0,76.007976177334, 188.80529679068889,188.80529679068889,0.0, 375.1235506829186, -101.21985311779034, -33.619277789840794, -101.21985311779034, 751.6990429779453, -16.199781376302766, -33.619277789840794, -16.199781376302766, 499.0546229212139, 4.384743342158992, 3.1769836657860577, 1.0, 0.0
106, 0 ,1.0,1.0,1.0,49.340189428056746,263.8240401936501,160.5445528878631,16.671401411239177,19.27955758926001,20.484946553645326,77.0,78.0,96.0,-0.0366359217042459,0.042416730312765216,0.9984280796484315,20.49393606551102,0.27405031806981434,0.9612226595327736,-0.030780220378930554,19.489101847063647,-0.9610172903786456,0.2724918710536446,-0.046839596528684635,16.414734079341443,96.52198252264513,84.71693658531763,74.29702556809295,31.553171346037093,8.582970299708307,284224.0,607530.2456952548, 0.0, 0.0,0.0,NaN, 152.28583680025264,152.28583680025264,0.0, 277.93562501466766, 28.843129199771468, -6.438262844543389, 28.843129199771468, 371.70134083759325, 3.1103150297919444, -6.438262844543389, 3.1103150297919444, 419.63303530570545, 4.579365437508423, 3.2914988992625425, 1.0, 0.0
107, 0 ,1.0,1.0,1.0,59.34329136080477,169.866127136936,204.36881413266335,16.491187647695817,18.728145778983198,17.545457812349674,77.0,95.0,84.0,0.20590557573443619,-0.7732884820902556,0.5996897675865571,20.22220914051898,-0.7913659905450074,-0.49206251447133104,-0.36278692211940367,16.653330043248825,0.575623803269279,-0.3998742368779214,-0.7132726209459537,15.629288536047962,95.80789121308608,79.07054367772673,80.66111749559346,29.215801857215617,8.773980056689068,203387.0,611054.9135772836, 0.0, 0.0,0.0,NaN, 172.05166318948085,172.05166318948085,0.0, 271.9592700315151, -13.345257380403227, 29.823582768039817, -13.345257380403227, 350.7434443188462, -70.45829344449726, 29.823582768039817, -70.45829344449726, 307.8430898449422, 4.75240430421238, 3.5101243746504815, 1.0, 0.0
108, 0 ,1.0,1.0,1.0,231.40881791057592,228.2359327709447,186.17540086290165,15.452731502533217,21.272549028940634,22.68038787567915,78.0,104.0,127.0,-0.44290431485424386,-0.4294548021789075,-0.7870224525189669,23.91775630103174,-0.18995929948581172,-0.8129378809377337,0.5504974716339098,22.17908702796572,0.876214147581716,-0.3933199392631188,-0.2784747617930646,11.905346672806251,101.0417663839907,121.3458942465803,65.9976790132169,32.83739286177004,11.28777556966049,232935.0,809197.7732488143, 0.0, 0.0,0.0,NaN, 151.03268180894503,151.03268180894503,0.0, 238.78691088938248, 135.9261364504627, 113.38119186308539, 135.9261364504627, 452.5213421886832, -11.26552688613758, 113.38119186308539, -11.26552688613758, 514.3999941912538, 4.830879299181008, 3.3745491274275374, 1.0, 0.0
109, 0 ,1.0,1.0,1.0,220.69844953064023,164.00054402433676,245.98323516839773,12.331418679465633,17.777193562066497,20.65950898119374,59.0,83.0,96.0,-0.04687275626340287,-0.42927419471353034,0.9019571001291146,21.359201789069726,-0.36976639600784983,-0.831349938895931,-0.41488563662905725,17.690426833426265,-0.9279416776412394,0.35296025959133454,0.1197635088229302,11.213434189420738,100.95576854246069,83.93818746706881,54.99086350396706,28.55840409086651,8.906478805811455,180139.0,465995.00934749714, 0.0, 0.0,0.0,NaN, 166.4403761573297,166.4403761573297,1.9073486328125E-6, 152.06388664827395, 64.19893277938773, 14.748507083877415, 64.19893277938773, 316.0286109431785, -63.38376119022874, 14.748507083877415, -63.38376119022874, 426.8153113440247, 4.228466340871226, 2.7705063090514743, 3.0, 0.0
110, 0 ,1.0,1.0,1.0,64.08794923608619,85.10103680761459,235.39964621379514,23.639279637882137,22.46367284035239,30.935612606084522,102.0,116.0,132.0,-0.5597580215156531,-0.20578325001581257,0.8026980823209997,37.106877547332296,0.13998474631134428,-0.9782352212278944,-0.15316697669328466,21.59300657303247,0.81674673439753,0.0266290435829404,0.5763815280600408,13.314126798794328,160.07506148460982,117.82480659483198,65.33793995719614,41.8338263507832,16.443090933344727,317706.0,1232326.677797201, 0.0, 0.0,-2.8421709430404007E-14,36.61147182195596, 124.58995710859271,124.58995710859271,NaN, 558.815541797989, 98.61279557050098, -545.2210279771474, 98.61279557050098, 504.61659747838564, -154.86046736121702, -545.2210279771474, -154.86046736121702, 957.0121273137356, 4.52494272354956, 3.284892727597641, 0.0, 0.0
111, 0 ,1.0,1.0,1.0,252.0378896607153,137.51798610712441,255.32226878695678,12.60256069272299,11.210310742155647,14.346139873069365,58.0,52.0,64.0,-0.04255280552786959,0.10560093866427175,0.9934977103621992,14.386312948836586,-0.9261124183565137,-0.3772474017267473,4.3180582225598634E-4,12.861739222166186,0.374840028955763,-0.9200721926260151,0.11385127600865894,10.858959256128383,64.94085678914018,58.071598693784836,49.91314007101612,21.359858083455958,5.836419695467654,87095.0,188233.40086744164, 0.0, 0.0,0.0,NaN, 152.34060587217684,152.34060587217684,0.0, 158.8245360137666, 16.19765366377517, -3.783644147160792, 16.19765366377517, 125.67106693569029, 9.334774280329862, -3.783644147160792, 9.334774280329862, 205.81172925767072, 3.988491023082644, 2.668799224337856, 1.0, 0.0
112, 0 ,1.0,1.0,1.0,183.6586873857404,85.91686288848263,266.8681023765996,17.419428499409563,21.381246684721507,18.005385333446927,73.0,98.0,79.0,-0.29028493691472695,0.9438338517471192,0.15783635733445653,21.883960963562554,0.3943804751420323,-0.03228432334184064,0.9183799667311479,18.073241967333363,-0.8718937413625343,-0.3288394483065512,0.3628579901425424,16.710424213057934,103.05707918794347,85.02541434467997,74.57020532509799,31.615316786601753,9.233625751981542,273500.0,653419.2511188257, 0.0, 0.0,0.0,NaN, 148.37361958762983,148.37361958762983,0.0, 303.4364892460421, -55.309150881985566, 8.02087564443564, -55.309150881985566, 457.15770979291443, 28.339531670344467, 8.02087564443564, 28.339531670344467, 324.19390100590573, 4.55959852124263, 3.1729383459411307, 0.0, 0.0
113, 0 ,1.0,1.0,1.0,82.53129043289418,273.94791449996296,261.7628794742798,22.578868829050602,14.840581702290388,22.871381391683975,107.0,58.0,94.0,-0.7784870856306979,-0.30633202442917096,0.5478307661270484,23.84435010175284,-0.53839714494404,-0.12272611844787584,-0.8337066715379124,22.491323039578308,-0.3226241959654131,0.9439803973917277,0.06938758907633887,13.369204380967123,121.2133695213712,118.65175806001241,69.62528611332766,33.67666773000423,10.910101751537223,283649.0,1001363.3552466255, 0.0, 0.0,0.0,NaN, 94.61607921235387,94.61607921235387,0.0, 509.80531759947286, 114.576756078308, -19.41440278927084, 114.576756078308, 220.24286526235625, -31.947883541442845, -19.41440278927084, -31.947883541442845, 523.100086763868, 4.6309276357665015, 3.2046925279254017, 0.0, 0.0
114, 0 ,1.0,1.0,1.0,240.01227576939058,226.40137831649116,287.6700350988869,22.47390721372907,40.20213594973019,7.42812149942554,113.0,166.0,35.0,0.007728914112039329,0.9994898604864726,-0.0309884280237257,40.22172955854513,0.9994017381252672,-0.006676098467121843,0.033935166736769586,22.483864226469287,-0.03371097327049129,0.03123217081776758,0.9989435028004167,7.290648129424018,167.1765852725282,113.07370382476705,37.28015310450252,42.60827428685368,19.000005044165253,226218.0,704717.0118827374, 0.0, 0.0,0.0,NaN, 1.0,1.0,0.0, 505.07650545130355, 9.068488680896692, 14.96734703927374, 9.068488680896692, 1616.211734920589, -48.563299635497906, 14.96734703927374, -48.563299635497906, 55.176989010227935, 4.780242182202086, 3.5466573474518444, 0.0, 0.0
