// Sample: , Map: , Neighbors:(1.0):
//LACUNA_NUMBER, TRIANGLES, SCALE_X, SCALE_Y, SCALE_Z, POS_X, POS_Y, POS_Z , STD_X, STD_Y, STD_Z,PROJ_X, PROJ_Y, PROJ_Z, PCA1_X, PCA1_Y, PCA1_Z, PCA1_S, PCA2_X, PCA2_Y, PCA2_Z, PCA2_S, PCA3_X, PCA3_Y, PCA3_Z, PCA3_S,PROJ_PCA1, PROJ_PCA2, PROJ_PCA3,OBJ_RADIUS, OBJ_RADIUS_STD, VOLUME, VOLUME_BOX, Mask_Grad_X,Mask_Grad_Y,Mask_Grad_Z,Mask_Angle, Mask_Distance_Mean,Mask_Distance_COV, Mask_Distance_STD, SHAPET_XX, SHAPET_XY, SHAPET_XZ, SHAPET_YX, SHAPET_YY, SHAPET_YZ, SHAPET_ZX, SHAPET_ZY, SHAPET_ZZ, Neighbors, Neighbors_STD
91065, 0 ,1.0,1.0,1.0,122.74877027292914,80.96828006858364,169.2342805745285,11.072756633961035,11.31182353883921,35.973924743029066,48.0,52.0,198.0,-0.005121471999893891,-0.04751894888640841,0.9988572070227485,36.01119098296154,0.6702682872489691,-0.7414357023334023,-0.03183586678115906,11.721613867211218,0.7421012017460202,0.6693392628571144,0.03564768667118644,10.51115811899693,199.03767842332502,56.48129780564637,51.93811569694647,26.07171679801754,29.410068613811816,71154.0,583883.4347158476, 0.0, 0.0,0.0,NaN, 116.06095107044449,116.06095107044449,0.0, 122.60593947492812, -13.085392606093794, -6.643027805179374, -13.085392606093794, 127.95735177383683, -55.67309257024625, -6.643027805179374, -55.67309257024625, 1294.123261417119, 14.0, 0.0
91074, 0 ,1.0,1.0,1.0,49.87520498315642,102.12940316532129,120.79320536452043,14.613157436722872,85.72749461890658,14.197839609179294,60.0,199.0,59.0,0.01238467196106487,0.9998416238009897,0.012780736106183355,85.74068573019758,0.9590234216252695,-0.015495350077563775,0.2829027587354612,14.614995584116013,0.2830559956520576,0.008753367407622585,-0.9590634399686235,14.116057100509481,200.09894617869756,66.0955343094413,64.90039875872372,87.54160992912698,10.039565951324981,157330.0,858349.7487241947, 0.0, 1.4210854715202004E-14,0.0,1.019737334966765, 135.42490950085633,135.42490950085633,0.0, 213.54437027044898, 88.3506241768763, 5.021329651859066, 88.3506241768763, 7349.203333634657, 91.33309052299994, 5.021329651859066, 91.33309052299994, 201.57864956798042, 16.0, 0.0
93131, 0 ,1.0,1.0,1.0,115.78254623113139,58.67675581226035,42.55074503713052,14.68017327673888,12.891279703063288,62.75357850054031,59.0,54.0,198.0,-0.0050171859146980885,-0.027186782394606635,0.9996177803083165,62.77661114089357,-0.9465275623487643,0.3225978749688623,0.004023031155779234,14.908073340136173,-0.32258394498115284,-0.9461455965804644,-0.02735157238247863,12.512019716709306,199.16534801164536,63.41776277192148,55.87880297347611,49.67023968229904,43.0415088530008,103015.0,705783.970701811, 0.0, 0.0,0.0,NaN, 111.11303746715791,111.11303746715791,0.0, 215.50748743507836, -19.54516325825913, -19.229721500977906, -19.54516325825913, 166.1850923826115, -102.75977033450236, -19.229721500977906, -102.75977033450236, 3938.0116146234745, 13.0, 0.0
93457, 0 ,1.0,1.0,1.0,50.14101353478124,166.5564054139125,163.4763770853006,14.02321051303905,53.12801793431033,9.745527970481668,57.0,199.0,38.0,-0.0012514336472436158,-0.9999838168116773,0.005549777344846185,53.12884684336573,0.9993477781249734,-0.001450888177579784,-0.036082035421737504,14.027800891054738,0.03608950360570102,0.00550100338547266,0.9993334211819634,9.73439640655565,199.22981619565795,56.98439650676942,39.05910666997798,37.29645100824038,41.51128497571318,63540.0,443437.6803234673, 0.0, 0.0,0.0,NaN, 70.47389791936338,70.47389791936338,0.0, 196.65043309300896, 3.2658263690800724, -3.6976603507128605, 3.2658263690800724, 2822.5862896284, -15.133739935059724, -3.6976603507128605, -15.133739935059724, 94.97531542344053, 10.0, 0.0
93936, 0 ,1.0,1.0,1.0,175.0302554027505,108.86234446627374,40.31237721021611,6.730688117955517,8.062999518518664,3.78851503227695,29.0,35.0,17.0,-0.4490087432918725,0.8845554688831676,-0.1263042790895559,8.627489832973959,-0.8609252976615286,-0.3904466325013242,0.3261273662463543,6.331793705000331,0.23916266492465196,0.25517258794246445,0.9368501321283378,3.18461576738189,37.468462522254725,28.651447660596318,13.314615954772862,10.568455669808435,3.602043126046952,7635.0,14293.582318270597, 2.8421709430404007E-14, 0.0,0.0,63.31989628169598, 102.73581730718244,102.73581730718244,0.0, 45.302162541187585, -15.467478922293296, -4.762954700138801, -15.467478922293296, 65.01196123563221, -10.99655423078761, -4.762954700138801, -10.99655423078761, 14.35284614978842, 8.0, 0.0
94236, 0 ,1.0,1.0,1.0,153.2446192853001,87.61999022205042,68.95944424863279,11.067531885077262,11.82492066299481,14.978721785432196,45.0,50.0,61.0,-0.0853487426023415,-0.2389231354181484,0.9672803768805405,15.201221137388277,0.4769400772203881,-0.8621656047076722,-0.17087607439329866,11.793142628583741,0.8747821185170681,0.44675071955287887,0.18753676893285623,10.794710737801424,66.27453560659069,58.97168803893958,50.60123355841364,21.231941009544776,5.990475607653613,87953.0,197765.87582165067, 0.0, 0.0,0.0,NaN, 120.90795368117449,120.90795368117449,0.0, 122.49026202720184, -6.937683644985535, -11.294889804888205, -6.937683644985535, 139.82874868612163, -23.15096125064469, -11.294889804888205, -23.15096125064469, 224.36210632538106, 14.0, 0.0
95773, 0 ,1.0,1.0,1.0,134.6010860935565,118.55224999206072,117.177090412525,12.926899031238365,16.908318124357855,16.574954996215666,56.0,69.0,68.0,0.33720113928609524,0.8718250953592481,0.3552694678212543,17.594484762286402,0.07456994743580092,0.3514508785269409,-0.9332318055671183,16.434620209726702,-0.9384746744604147,0.3411792535962278,0.053497685108232315,12.168090975851905,82.8177886000311,75.12426271028556,56.2143671453731,25.946743589131614,7.381840597357663,157445.0,349744.72929775313, 0.0, 1.4210854715202004E-14,-1.4210854715202004E-14,69.33428630186147, 133.30561981414453,133.30561981414453,0.0, 167.1047185638314, 50.67708828639445, 10.855178110066769, 50.67708828639445, 285.89122179448833, 9.997485888541286, 10.855178110066769, 9.997485888541286, 274.7291331265747, 24.0, 0.0
96552, 0 ,1.0,1.0,1.0,190.33553719008265,34.0396694214876,75.76198347107437,2.3562422634332014,2.210062612285449,2.964730868678257,10.0,9.0,13.0,0.4897414944226197,-0.30494615547119563,0.8167993088293086,3.3033886336615494,0.42240759808166456,-0.7365565246886757,-0.5282578035594165,2.1714341372341432,-0.7627090465725302,-0.6037320003129514,0.23191072005093769,1.8969398515910914,14.776624603201526,10.01167119667764,8.735401395206111,4.182264399216486,1.3170223889330321,605.0,1292.303986868818, 0.0, 0.0,0.0,NaN, 83.61805472025632,83.61805472025632,9.5367431640625E-7, 5.551877603988816, -1.4397568472098865, 2.676557612184956, -1.4397568472098865, 4.884376750221985, -1.387252236869066, 2.676557612184956, -1.387252236869066, 8.789629123693734, 4.0, 0.0
96871, 0 ,1.0,1.0,1.0,77.95163581029672,173.02221658635557,46.32351001775298,10.247288315263502,10.395784932555406,8.603423853848671,44.0,40.0,38.0,-0.2346778263503389,0.8919493928423685,-0.3864616390117011,10.878858136771592,-0.9599099505754244,-0.14994462343575987,0.23683221210172134,10.26004331229924,-0.1532945028556693,-0.42654764154879393,-0.8913797758999216,7.967441311914162,48.92045021151793,45.74234307342019,36.02907790232996,16.301730507038496,4.620795025202641,39430.0,80623.56527707039, 0.0, 0.0,0.0,NaN, 94.60510506193364,94.60510506193364,0.0, 105.00691781613588, -5.47057146765966, -4.523739954251718, -5.47057146765966, 108.07234436394602, -20.397702124665216, -4.523739954251718, -20.397702124665216, 74.01890200897232, 10.0, 0.0
96872, 0 ,1.0,1.0,1.0,74.58931580721267,65.09285473542299,128.26272328951802,6.2959823513478055,5.117392329457134,4.9932785018909325,25.0,23.0,23.0,-0.7341695920419472,-0.4616462879054123,0.4978731916704438,7.06407536023905,-0.6719886533964582,0.5989063711565662,-0.4355943161870782,5.286645726334626,-0.09708892741902211,-0.6543652370436761,-0.7499199135383706,3.5930689512737315,31.623669922269222,25.07282245640834,15.652054267710838,9.087949487478877,2.8581641542338447,5934.0,12410.430268515449, 0.0, 0.0,0.0,NaN, 122.2574441088609,122.2574441088609,0.0, 39.63939376848304, 6.484881528517987, -9.11910066455081, 6.484881528517987, 26.187704253586716, -12.42530511164886, -9.11910066455081, -12.42530511164886, 24.932830197446158, 7.0, 0.0
97422, 0 ,1.0,1.0,1.0,25.562114764957506,131.77783516150402,85.79280108679788,13.867110521032403,79.22543511121991,10.414545367559567,56.0,199.0,47.0,-0.004425401325217851,0.9995064966638347,0.031099500798232697,79.26384176216699,0.9453569059464574,0.01432046271437099,-0.32572265000608663,14.292733785662142,-0.3260072640332605,0.027958674404106085,-0.9449537429541792,9.507377557031433,200.34073390938542,61.99543673066769,47.28909395768485,73.63064088003146,33.99937942922535,89069.0,587340.538839942, 0.0, 0.0,0.0,NaN, 112.55261083078724,112.55261083078724,NaN, 192.29675420252758, -25.8483184164078, -35.92234303755752, -25.8483184164078, 6276.669568562117, 191.9532154611296, -35.92234303755752, 191.9532154611296, 108.46275521295644, 14.0, 0.0
97526, 0 ,1.0,1.0,1.0,95.03401787113968,101.06086377175106,44.741691487694,8.03820940825648,9.122660670451399,72.20218833047672,35.0,38.0,198.0,-0.018694403076117527,-0.009813920941057042,0.9997770782776478,72.21808076105593,0.012809449631512404,-0.9998721072982854,-0.009575335347846605,9.095700452042701,0.9997431856700822,0.012627588948356291,0.018817723124383304,7.925199832504236,198.6998782398388,38.9296127178047,36.71124417156459,57.619036666225156,45.17785255592817,25516.0,283972.8287100863, 0.0, 0.0,0.0,NaN, 144.29912053614217,144.29912053614217,0.0, 64.61281049098298, 0.6901618688712975, -96.30654445098382, 0.6901618688712975, 83.22293770820076, -50.36560773163481, -96.30654445098382, -50.36560773163481, 5213.155999709627, 9.0, 0.0
98056, 0 ,1.0,1.0,1.0,181.93738259236068,66.01471509079524,152.79073262366938,28.03402684956392,7.4519691074784955,7.195605997753747,199.0,33.0,31.0,0.999767248133852,-0.0010731196192490865,0.02154757464652205,28.040126523936852,0.0012085219217443765,-0.9944082707519633,-0.10559701953585003,7.455046103079371,0.021540404676544972,0.10559848234881411,-0.9941755234826483,7.168601173057956,199.3070285299349,33.769471676402674,32.07139323457302,16.158313020065414,25.142079687278436,15970.0,215856.28942464472, 0.0, 0.0,0.0,NaN, 83.14394555434266,83.14394555434266,0.0, 785.9066614020707, -0.7934430124736848, 15.830227465477066, -0.7934430124736848, 55.53184357881384, 0.42286648925721193, 15.830227465477066, 0.42286648925721193, 51.77674567490969, 9.0, 0.0
98919, 0 ,1.0,1.0,1.0,107.20044082466468,180.83358868908422,163.67577883504018,11.451032885642434,8.141054720937808,57.84132410198111,44.0,38.0,198.0,-0.03235035198332502,-0.01882726201230086,0.9992992489398137,57.88037904125126,-0.976891724428489,-0.21074988390483956,-0.03559557805725894,11.437945978391634,-0.2112723679748222,0.9773586959961104,0.011574363528697122,7.877614729362264,199.30827289166734,46.325285608151134,35.189864281141126,40.49499476050621,43.625418041946126,37203.0,324908.4626146376, -1.4210854715202004E-14, 0.0,0.0,88.14613791122414, 101.48181388266902,101.48181388266902,0.0, 131.12615414806447, 16.160979736728223, -103.90471958640138, 16.160979736728223, 66.27677196930377, -61.346296084516524, -103.90471958640138, -61.346296084516524, 3345.6187738704207, 8.0, 0.0
99270, 0 ,1.0,1.0,1.0,154.8171206225681,162.49760550733313,127.06779407363065,4.904696656953854,5.465360726166498,5.525380058934088,20.0,21.0,23.0,0.3863860369205695,-0.698501818018326,0.6023296777495772,5.744248780888134,0.17899808307436682,-0.5838430452307672,-0.7918882400890712,5.4071011989341455,-0.9048013686597287,-0.4137904164679961,0.1005583139811124,4.714117576734174,26.63099637054092,25.103357617682093,21.364248565186017,8.87265318689605,2.394173632923804,6682.0,14282.586093266613, 0.0, 0.0,0.0,NaN, 93.63241341974219,93.63241341974219,NaN, 24.05604929673432, -3.640665380131537, 1.5131464169375373, -3.640665380131537, 29.870167867123186, -1.2899454197578393, 1.5131464169375373, -1.2899454197578393, 30.529824795666467, 8.0, 0.0
100151, 0 ,1.0,1.0,1.0,45.456063799991156,140.43212406209,26.592139982605364,68.38427396543868,10.894566537546194,26.73132972949574,199.0,47.0,198.0,-0.9995859960184595,0.003738576527817702,0.028528224784062653,68.40838656383049,-0.02835942641857757,0.039318664825061155,-0.9988242015137523,26.68798341266433,0.004855872423534099,0.9992197284090821,0.03919636285532383,10.849363300540299,204.63349609241857,204.1622906774969,46.80168591138204,57.56125339843919,46.86540944159954,67837.0,1955301.5817347092, 0.0, 0.0,0.0,NaN, 79.5092918393667,79.5092918393667,0.0, 4676.408925780174, -17.711264564071698, -113.25086054486533, -17.711264564071698, 118.69158004102124, -22.862464310775994, -113.25086054486533, -22.862464310775994, 714.5639891070228, 12.0, 0.0
100412, 0 ,1.0,1.0,1.0,153.53481529911735,45.150095736234995,128.7615000233503,6.954392710779298,9.000826542741441,87.51535587364197,31.0,36.0,198.0,0.002703091592283461,-0.005570285958693661,0.9999808324213931,87.51701743273352,-0.07218232093859596,-0.9973770479810639,-0.005360662691975156,8.997256931071503,-0.997387791102218,0.07216644701603367,0.003098077681524289,6.938083129608603,198.22343782432338,37.506918868994326,30.85614931019731,83.27912882465174,29.204497467413326,21413.0,229407.76843910138, 0.0, 0.0,0.0,NaN, 96.29365718053003,96.29365718053003,0.0, 48.36357797574023, 2.2477515354521462, 20.585779747471026, 2.2477515354521462, 81.01487845251886, -42.219701166349296, 20.585779747471026, -42.219701166349296, 7658.9375136902, 7.0, 0.0
100449, 0 ,1.0,1.0,1.0,81.20712992088457,64.94042512629873,178.1255361738633,6.66117570086894,6.476354458133467,44.38980122992384,29.0,28.0,198.0,0.004537713505687811,-0.007433622053633928,0.99996207449048,44.39145255271894,-0.7831094456514127,-0.6218829894814525,-0.001069357353347496,6.970749117333806,0.6218673534506194,-0.7830748933893718,-0.008643266485930882,6.129965662242621,198.19561575225595,32.318034080115936,30.047912668857585,24.138176872453542,38.39423523514414,10491.0,192465.67459869495, 0.0, 0.0,0.0,NaN, 106.25605363108872,106.25605363108872,0.0, 44.37126171784681, 5.299061691025908, 8.780403192659625, 5.299061691025908, 41.94316706738523, -14.361504136053169, 8.780403192659625, -14.361504136053169, 1970.4544532321481, 8.0, 0.0
100533, 0 ,1.0,1.0,1.0,102.59847764034254,113.04947668886774,127.53853472882969,2.7085791677058864,3.8651665029229436,2.5539263523090057,11.0,16.0,12.0,0.1415179178306895,0.9338631599890649,0.3284391531899091,4.0106346487500115,-0.8224278881146164,0.2955755341693907,-0.48605295231261747,2.9089728652872715,-0.5509855241149249,-0.20133231736538884,0.8098643406151943,2.061829187720095,17.19548131462585,13.209625334207601,9.607814160266216,5.115947111478922,1.6203512485312832,1051.0,2182.3752640303865, 0.0, 0.0,0.0,NaN, 149.32553033993761,149.32553033993761,0.0, 7.336401107730313, 0.5403227047594512, 2.233360281223734, 0.5403227047594512, 14.939512095317577, 3.0247347232167767, 2.233360281223734, 3.0247347232167767, 6.5225398130183825, 3.0, 0.0
100767, 0 ,1.0,1.0,1.0,52.34884026258206,87.26901531728666,99.00595185995624,74.89053408829139,10.672058781534512,9.220900031890102,199.0,50.0,42.0,-0.9998502390587878,-0.014837517102682357,0.008907723632513034,74.9015053400535,-0.017275686295842727,0.8862056633918165,-0.4629698400925029,11.100995756447205,-0.0010247522106635737,-0.4630543923325831,-0.8863292726884346,8.604784894083762,199.66763907708838,53.688882021820454,38.358891404572375,63.55730351316756,42.04734358076544,45700.0,411204.7196499611, 0.0, 0.0,0.0,NaN, 141.9804937834142,141.9804937834142,0.0, 5608.592096029535, 81.37797281863936, -48.914067495654805, 81.37797281863936, 113.89283863652788, -20.913614270597517, -48.914067495654805, -20.913614270597517, 85.02499739811087, 10.0, 0.0
101975, 0 ,1.0,1.0,1.0,101.34999793482301,37.889256949320554,108.13393911858246,15.938279808962765,55.52926671631273,87.82404421709401,63.0,199.0,198.0,-0.023321094500701328,-0.034602990599193764,0.9991290004763557,87.87900376669663,0.007147994063513636,-0.9993810368242274,-0.034444875046953496,55.480192126360585,0.9997024721046543,0.006338475978054492,0.02355400157336953,15.805693485618049,205.99619742109658,206.09719925487482,67.73728652249085,100.60398431955488,30.486543047682225,121055.0,2875802.7119366974, 0.0, 0.0,0.0,NaN, 140.02425447578494,140.02425447578494,0.0, 254.02876326879016, -14.173193405359283, -174.8207415349634, -14.173193405359283, 3083.499462051397, -161.00164728574973, -174.8207415349634, -161.00164728574973, 7713.062742646085, 14.0, 0.0
103564, 0 ,1.0,1.0,1.0,49.36023126449135,98.56021932312346,34.59653103262979,70.36152557938385,12.928503219929537,43.47019442895551,199.0,51.0,198.0,-0.9983311020293755,0.0078039811363202136,0.05721982697663908,70.43506001482804,0.05735213429091429,0.01793941566955109,0.9981928220828438,43.360673122918016,-0.006763387693270902,-0.9998086193086454,0.018357051589279985,12.895837626623429,210.25494642271883,209.6113753820511,52.35740795200333,68.03486241337207,48.7730025470099,100491.0,2307486.7039937912, 0.0, -1.4210854715202004E-14,0.0,89.55286027878455, 115.53124782065667,115.53124782065667,NaN, 4950.744281858288, -35.592729095113285, -175.78441276713647, -35.592729095113285, 167.1461955077284, 32.83090119967023, -175.78441276713647, 32.83090119967023, 1889.6578036911947, 12.0, 0.0
103592, 0 ,1.0,1.0,1.0,129.41224256541207,38.56125984707644,39.84513053479843,81.16195507299541,16.181557882152163,58.6522056855102,199.0,69.0,198.0,0.9948514319004622,-0.01852462912411855,0.09963667277370558,81.37310055672371,0.09924507487556938,-0.02097891922162952,-0.9948418467581845,58.389495316255555,0.02051934595798028,0.9996082848116589,-0.019032429622896946,16.07085377439727,218.75940001746042,218.02914855009988,71.9996159239622,92.35090575150153,41.958279342915105,138239.0,3434088.333203736, 0.0, 0.0,0.0,NaN, 89.76211165059064,89.76211165059064,NaN, 6587.262951270925, -123.831719530415, 319.64049002872525, -123.831719530415, 261.8428154934408, 54.0199004048497, 319.64049002872525, 54.0199004048497, 3440.0812317753944, 12.0, 0.0
104929, 0 ,1.0,1.0,1.0,167.33587090097666,93.28826725308842,78.81655132268288,13.833466159192108,16.356055252142532,83.64313610811682,58.0,64.0,198.0,0.013417076660130029,-0.016918365222786724,0.9997668483061861,83.66200275034547,-0.09523445291813008,-0.9953331710082075,-0.015565271219332641,16.318299933919608,-0.9953644463367579,0.09500340840693744,0.014965672714048639,13.763790555564132,199.4076120416232,69.11741215524839,61.394072317187636,82.99741160328897,23.80103389653649,154610.0,846166.1413399534, 0.0, 0.0,0.0,NaN, 126.41872843563335,126.41872843563335,2.3360154559928683E-6, 191.36478597751324, 5.738325915622393, 91.46140810015272, 5.738325915622393, 267.5205434111393, -113.99479254835174, 91.46140810015272, -113.99479254835174, 6996.174218000956, 13.0, 0.0
105395, 0 ,1.0,1.0,1.0,117.47468147664162,113.64760971360121,156.05412174670587,8.28593640939131,7.730477443342912,6.969489843936582,34.0,33.0,32.0,0.9310757484238632,-0.20930809977424744,0.298811094281717,8.479013169544066,-0.14139835295774314,-0.9620668625737134,-0.2333106463889059,7.723973698679019,-0.3363100600305926,-0.17497848812487013,0.9253529446734117,6.740725357115381,39.03441279189785,34.21454878726976,31.024769050767276,12.768209662282924,3.7367946675233497,18366.0,41434.969623844925, 0.0, 0.0,0.0,NaN, 127.27294968299293,127.27294968299293,0.0, 68.65674218047654, -3.2211075619718725, 7.829748808244094, -3.2211075619718725, 59.760281502033564, 1.5376933433888675, 7.829748808244094, 1.5376933433888675, 48.57378868473517, 5.0, 0.0
105416, 0 ,1.0,1.0,1.0,32.03033629743477,47.3362425440041,90.9628938412559,49.41310061173347,12.053970336688518,9.502862795026974,199.0,51.0,41.0,-0.9995589250134572,-4.3422720789020475E-5,0.0296977026116401,49.43411751092697,0.0022931648272310427,0.9969004046448889,0.07864047694369568,12.06879743064561,-0.029609066534040766,0.07867389232346458,-0.996460597236869,9.373860930165105,199.83363646761302,51.14501672052797,41.62901189440369,33.470080996844366,39.458976067667834,54654.0,425469.09453629993, 0.0, 0.0,0.0,NaN, 107.42862913342579,107.42862913342579,1.3486991523486091E-6, 2441.6545120652945, 0.2343563117437162, -69.92242979450282, 0.2343563117437162, 145.29820087776673, 4.527242285637699, -69.92242979450282, 4.527242285637699, 90.30440130110789, 9.0, 0.0
105665, 0 ,1.0,1.0,1.0,96.2967032967033,111.67032967032966,29.824175824175825,1.1625521894890711,1.4529616971948274,1.2717851656421382,4.0,5.0,5.0,-0.04957790423734823,-0.9781290283424491,0.2020040477943193,1.4605496268342062,0.2951025610470943,-0.20756868785540938,-0.9326466202616237,1.274146676212847,-0.9541784476055194,-0.01337324701936634,-0.29893920182753,1.1503946407206203,5.595813093569902,5.461006911257716,4.713531395904667,2.1653371824645626,0.6256018546846984,91.0,144.03974056608956, -1.4210854715202004E-14, 0.0,0.0,87.15823035489784, 134.032336359376,134.032336359376,0.0, 1.351527593285833, 0.020891196715372613, -0.09068953024996972, 0.020891196715372613, 2.111097693515273, -0.10192005796401368, -0.09068953024996972, -0.10192005796401368, 1.6174375075474008, 4.0, 0.0
107258, 0 ,1.0,1.0,1.0,95.74114884393063,136.3448338150289,187.91040462427745,4.414408929246192,6.445143019495046,5.049315338282188,18.0,28.0,23.0,0.3294722687291142,-0.8476071635376938,0.4159448526644793,7.113180581035365,0.08694775014241597,-0.4114324068485611,-0.9072835628071151,4.501721140258591,-0.9401532390433286,-0.3350902429411891,0.06185803263887803,3.9572249012023923,31.210073935288193,20.22108163218377,18.42941220699724,8.84869924457289,2.8675742014571255,5536.0,11630.82881793772, 0.0, 0.0,0.0,NaN, 115.60495698861992,115.60495698861992,0.0, 19.487006194608508, -9.921577518616985, 4.424604376190319, -9.921577518616985, 41.539868541745726, -10.598259109058088, 4.424604376190319, -10.598259109058088, 25.495585385411765, 5.0, 0.0
107690, 0 ,1.0,1.0,1.0,168.71850027959667,60.65065750311164,115.36636181611559,30.712826516763236,12.170703191357783,14.14087548174744,199.0,54.0,61.0,-0.9984349470099865,-0.005934285922524476,0.055609718932532734,30.75065986075629,-0.05380877952106961,0.3729101934863069,-0.9263058905353341,14.395017489313059,0.01524046704069448,0.9278484638369539,0.37264588595580467,11.770661741025869,200.94854892782374,66.45849700910487,53.19867351774053,26.841169000845454,23.89392673629042,110874.0,710454.3753927285, 0.0, 0.0,0.0,NaN, 108.71930459931208,108.71930459931208,0.0, 943.277712648795, 3.403914996569278, -41.387191599087956, 3.403914996569278, 148.1260161721265, -23.986261051070827, -41.387191599087956, -23.986261051070827, 199.96435939028586, 10.0, 0.0
107794, 0 ,1.0,1.0,1.0,90.26160128696944,90.07441323268573,111.95606979334241,7.938012446786038,9.338134129551896,7.699819853054882,36.0,39.0,34.0,-0.2886113034706408,0.8908447129682852,0.35085497414947847,9.63755739620706,0.7541414189314379,0.4372872059459456,-0.4899496094171988,8.158962110201584,-0.5898934105082501,0.12318927263541168,-0.798028926384566,7.074520557284405,42.879092715721455,38.906554618411704,32.640026723856494,13.910719922197925,3.998985826743236,24243.0,54452.6307583931, 0.0, 0.0,0.0,NaN, 154.95899532565144,154.95899532565144,0.0, 63.01204160533006, -5.565026140398997, -10.441298297627274, -5.565026140398997, 87.20074902150195, 9.848626411451287, -10.441298297627274, 9.848626411451287, 59.2872257694981, 9.0, 0.0
108518, 0 ,1.0,1.0,1.0,156.55337009299646,140.24561764463832,128.26055468685706,5.88989124017347,80.50626343533827,9.583139546287121,26.0,199.0,38.0,-0.004874561442492511,0.9998909672478669,0.013938876097750496,80.5149236627389,-0.08606082077995587,-0.014306798012041428,0.9961871564406578,9.540269469704265,-0.9962779600981968,-0.0036563843845694123,-0.08612117669777043,5.840904102407724,199.5580950049244,39.231865044516596,27.061453338571283,71.43459173828086,38.792846478310246,24302.0,211865.09921336555, 0.0, 0.0,0.0,NaN, 102.97933712538803,102.97933712538803,0.0, 34.69081882107218, -31.360302283148542, -5.3163912200170715, -31.360302283148542, 6481.258452320083, 89.06459341100124, -5.3163912200170715, 89.06459341100124, 91.83656356361215, 9.0, 0.0
109055, 0 ,1.0,1.0,1.0,33.30312671671855,120.2619025819447,94.57482603918696,11.080058060148067,9.3920286482765,9.975759616800854,50.0,40.0,44.0,-0.8520302056038074,0.5178836921320511,0.07642650170201817,11.869636049126978,-0.2710327558361778,-0.3115001338663694,-0.9107737984072009,10.31695677460026,-0.44786803190513685,-0.796720872090664,0.40577096738494084,7.947692221694827,53.74211883251091,47.84405852417936,38.185816641853606,16.933187186540383,4.874509245459746,43688.0,98184.94037079824, 0.0, 1.4210854715202004E-14,0.0,58.80959948514192, 128.10800189411887,128.10800189411887,0.0, 122.76768661625215, -30.641763777071326, 5.621007571027464, -30.641763777071326, 88.21020213004651, 15.353297025719444, 5.621007571027464, 15.353297025719444, 99.51577993219472, 11.0, 0.0
109399, 0 ,1.0,1.0,1.0,38.73208186500407,45.32625372729737,52.94692328544321,47.687750538256076,16.697411000169577,12.948947941820936,199.0,71.0,55.0,0.9997098250717725,0.005375780046007648,0.023481197666715192,47.700542992078844,-0.005530938422729808,0.9999632666418177,0.006547830723906911,16.69583291937612,-0.023445135425720465,-0.0066758037659831035,0.9997028354810981,12.903786254298822,199.88348117343406,71.19447193018497,55.716652019955035,37.62897966138251,36.120080674757006,147560.0,792881.3263735143, 0.0, 0.0,0.0,NaN, 79.7371941313671,79.7371941313671,0.0, 2274.1215513989428, 10.712551605143336, 49.49951657066157, 10.712551605143336, 278.803534108584, 1.0011196746556246, 49.49951657066157, 1.0011196746556246, 167.67525279998864, 11.0, 0.0
109459, 0 ,1.0,1.0,1.0,56.27541323504003,75.87214191096008,92.84138685710995,13.950337467734096,14.03579021500951,14.201685709038287,58.0,59.0,59.0,-0.33477495160845205,0.7193229603607608,0.6086872846325846,15.703800982251176,0.8082822127899697,-0.11282575969875398,0.577884255223958,14.30117750727672,-0.4843610185212143,-0.6854522788978308,0.5436447158676903,11.923512738154571,73.56360103205387,67.89038343882889,57.453898146073904,23.48077316884332,6.477383020569375,121541.0,286939.7674745775, 0.0, 0.0,0.0,NaN, 132.45009311617312,132.45009311617312,0.0, 194.61191546366575, -30.836475578837494, 7.843011134885355, -30.836475578837494, 197.0034069597567, 41.66248551319754, 7.843011134885355, 41.66248551319754, 201.6878769783023, 10.0, 0.0
109981, 0 ,1.0,1.0,1.0,118.7469998032658,115.67241786346645,51.6534723588432,11.630587134857269,9.216761913709302,10.642631081796834,50.0,37.0,42.0,0.9015620286749411,0.08737585903391709,0.42373502063153834,11.913962624228992,-0.425549488968062,0.002379028263826223,0.9049320265431771,10.345638961514267,-0.07806113559605833,0.996172575150814,-0.03932759370783903,9.192937652633702,56.57785089279092,47.32729596482288,38.46249989712686,17.593039989719934,4.895895989388294,50830.0,102990.13957738863, 0.0, 0.0,0.0,NaN, 127.98934469982288,127.98934469982288,0.0, 135.27055710150742, 4.501422264886555, 13.267394344575115, 4.501422264886555, 84.94870017400237, 2.1748764164292638, 13.267394344575115, 2.1748764164292638, 113.26559634322805, 13.0, 0.0
110382, 0 ,1.0,1.0,1.0,115.67711373405983,155.3387581408054,61.68211682504996,9.784370494165438,12.30854492102686,13.539402294115881,40.0,50.0,57.0,0.08923754938956571,-0.43568376597790637,0.8956652923063694,13.993232926125131,-0.30488039980871384,-0.8680364954339818,-0.39186807015521175,12.040895555760011,-0.9482007179871907,0.23810144614848464,0.21029289039474566,9.473957199208147,61.944276501457246,57.225547425614366,44.484074632815314,19.92600630576435,5.7882528646142095,69557.0,157686.93124015583, 0.0, 0.0,0.0,NaN, 113.6206812540889,113.6206812540889,0.0, 95.73390596709524, 10.492418722549068, 15.0747970984056, 10.492418722549068, 151.5002780729361, -22.599504273453984, 15.0747970984056, -22.599504273453984, 183.31541448191038, 11.0, 0.0
110592, 0 ,1.0,1.0,1.0,44.64283956968084,149.69296146362194,121.77137617141196,11.279285581137975,8.378219384983067,10.813421497420496,45.0,35.0,47.0,0.7787744469694348,0.08563972486926011,0.6214307670784959,11.9837048219169,-0.6257284825031948,0.17621883064949917,0.7598755094808436,10.106163652274702,0.04443227353736519,0.9806185605263853,-0.19082193746909765,8.282705037562065,56.40853564656835,47.84455447051616,37.1888092374968,17.047569515297912,4.871067787018521,44711.0,100366.69264447407, 0.0, 0.0,0.0,NaN, 103.16733415795728,103.16733415795728,0.0, 127.22228322086701, 1.305112871834142, 20.356133973323985, 1.305112871834142, 70.19456006290605, 8.481748385881229, 20.356133973323985, 8.481748385881229, 116.93008448087572, 9.0, 0.0
110697, 0 ,1.0,1.0,1.0,79.45314574884254,180.51860890787066,180.51835767864193,88.73803919543438,34.34742203945754,7.769741901093437,199.0,199.0,33.0,-0.9996893039614161,-0.02491975689795923,-5.488727415286178E-4,88.7615048606702,-0.0249143933683923,0.999655628787185,-0.008239953712436134,34.28787455004568,7.540213689212812E-4,-0.00822371876006793,-0.999965900369373,7.764715315207412,203.90927831132933,204.1036732054832,33.08412798526567,90.83392545344168,29.38965595128947,27863.0,1376916.1709516102, 0.0, 0.0,0.0,NaN, 84.09435983351466,84.09435983351466,0.0, 7874.439600250448, 166.9908137648227, 4.518903777391836, 166.9908137648227, 1179.7454007566134, -9.080474767841668, 4.518903777391836, -9.080474767841668, 60.36888920960706, 7.0, 0.0
110864, 0 ,1.0,1.0,1.0,128.54259982193,98.17824121635505,24.2910759537018,8.78860763703475,9.123706082860332,8.641752134446143,38.0,40.0,37.0,-0.7124583259887597,0.21328170622782958,-0.6685163031054967,9.920634560501663,0.14392849671243815,0.9768507742331927,0.15826292273969098,9.08442819306273,-0.6867952544706412,-0.016537190467477557,0.7266627827046395,7.363130527122253,45.69943091307226,38.46964813042344,37.53976961526246,14.750101744374437,4.194760466098181,29202.0,65996.45512725206, 0.0, 0.0,0.0,NaN, 123.83530780651432,123.83530780651432,0.0, 77.23962419774551, -2.736430110031696, 21.698476183603592, -2.736430110031696, 83.24201268642263, -1.9257259892821152, 21.698476183603592, -1.9257259892821152, 74.67987995320448, 5.0, 0.0
110985, 0 ,1.0,1.0,1.0,148.53982869379016,116.72740899357602,75.45182012847965,6.183699160095077,3.3427985700998746,5.05343310974104,26.0,14.0,21.0,-0.9927497804143441,-0.06947406014820956,0.09808786088907306,6.205079450957506,-0.09579640212485174,-0.03558838955217612,-0.9947645529817679,5.042140661867123,0.07260112139082164,-0.9969487557019192,0.028675000910018966,3.320155166660193,26.18747839225486,21.858988400397322,14.115908703947738,8.288326525269438,2.5006533522189156,4670.0,8080.394836228861, 0.0, 0.0,0.0,NaN, 123.59389468937401,123.59389468937401,0.0, 38.23813530256055, 1.9443687210267357, -1.3036485104704931, 1.9443687210267357, 11.174302280261767, 0.3225197052579438, -1.3036485104704931, 0.3225197052579438, 25.537186194627, 3.0, 0.0
112181, 0 ,1.0,1.0,1.0,166.16359074307988,111.58704511291087,80.14830733706368,21.252306962810362,86.03718983654765,15.081233375408589,199.0,199.0,61.0,-0.00510578884086266,0.9998165307192121,0.018461739379360468,86.05244688198793,0.9977013877023162,0.006340765851071478,-0.06746655219658787,21.272585991475395,-0.06757123572338719,0.018074833028849636,-0.9975507147577982,14.965148084570489,200.70387675797937,202.14669558645153,64.07409360081246,88.26557028871531,17.049671197510772,174961.0,2599590.128415501, 0.0, 0.0,0.0,NaN, 124.03831808060227,124.03831808060227,0.0, 451.6605512415178, -35.21232963472824, -16.062098711149506, -35.21232963472824, 7402.398034970138, 132.4529029521424, -16.062098711149506, 132.4529029521424, 227.44360012353795, 13.0, 0.0
112201, 0 ,1.0,1.0,1.0,121.2312343893782,120.60273432364927,79.12186144340738,6.66721255420476,6.631083743139078,3.870692149411976,28.0,27.0,16.0,0.7323401723866055,-0.6802035067993342,-0.03163955193496177,6.922962874200021,-0.6791391483969597,-0.7329916717845,0.038642285248372724,6.3692182983283985,0.049476146004003435,0.0068116394834343615,0.9987520776169323,3.861462919370758,30.688080315162644,28.61259563817282,16.18474946537036,9.743619534612803,2.9098334886561514,7607.0,14211.272283763521, 0.0, 0.0,0.0,NaN, 136.99895324772322,136.99895324772322,0.0, 44.45172324294556, -3.6751951722491327, -1.4383271038456134, -3.6751951722491327, 43.97127160852336, -0.016134444330493766, -1.4383271038456134, -0.016134444330493766, 14.982257715519504, 3.0, 0.0
112469, 0 ,1.0,1.0,1.0,125.1811890765682,139.8466403750279,184.8729816206563,90.24359960810726,6.902534530599701,11.818316633647756,199.0,32.0,198.0,0.999726250906146,-0.01925211688439922,0.01329583561165695,90.26806613991295,0.014505759888088542,0.0641346555284736,-0.9978358226132765,11.774893205919595,-0.018357728051474696,-0.9977555321599142,-0.0643963653095005,6.652291828922165,199.73997062584004,200.83455288441723,38.13062597344614,87.25846104567549,26.780325561276307,13439.0,1529598.152493403, 1.4210854715202004E-14, 0.0,0.0,1.3406761488706673, 97.1859445970273,97.1859445970273,0.0, 8143.907270228377, -155.88998953145222, 106.35458663246474, -155.88998953145222, 47.64498294612124, -8.115319955340992, 106.35458663246474, -8.115319955340992, 139.67260805315522, 7.0, 0.0
113568, 0 ,1.0,1.0,1.0,169.49759309718436,103.80334922797456,125.50006811989101,9.886780439016565,12.232437415057104,17.48917402246589,45.0,51.0,69.0,-0.16945047191345672,0.021388950675101524,0.9853065768365317,17.674767169026527,0.22678160691731236,0.9737818197098793,0.017862540875199482,12.364854437921023,-0.9590915703582783,0.22647622478206098,-0.16985840949495834,9.37897333402927,71.85406632532381,53.19315616054989,39.8392018285557,22.431341231513223,7.077223403716636,88080.0,152271.1889745558, 0.0, 0.0,-1.4210854715202004E-14,9.83404824106039, 125.43696543188868,125.43696543188868,NaN, 97.7484274493206, 13.524225817851097, -37.2083558760057, 13.524225817851097, 149.63252511328892, 5.859147137881853, -37.2083558760057, 5.859147137881853, 305.8712079880957, 8.0, 0.0
114913, 0 ,1.0,1.0,1.0,109.80965696917065,25.562857142857144,170.47102909248807,87.32449126280702,13.765305471993576,13.421201771665466,199.0,199.0,198.0,-0.9995808895846949,-0.01677478766605957,0.023593466803943013,87.36022723396273,0.02227256941797123,-0.9662564812419727,0.2566171177248373,13.720697483481946,0.0184926425529669,0.2570350539452548,0.9662251307095923,13.232997553021658,200.8070863083065,199.2622950812534,221.41286846707902,88.38242988327326,13.554525221056526,115150.0,8859455.29783068, 0.0, 0.0,0.0,NaN, 98.28386319320929,98.28386319320929,0.0, 7625.5667743080585, 124.74918543514512, -175.78046881763746, 124.74918543514512, 189.4836347372963, -6.210662688418794, -175.78046881763746, -6.210662688418794, 180.12865699575622, 11.0, 0.0
114919, 0 ,1.0,1.0,1.0,182.9807868252516,59.84172003659652,177.03293687099725,2.8542830729134887,2.9387802933155562,2.9865226810265018,12.0,12.0,13.0,0.14278830019950914,-0.6661031337409372,0.7320642844358951,3.374388374230639,0.9393005735968039,0.32433405171419283,0.1119010962384694,2.8823596657817245,-0.31197104635983564,0.6716502349580173,0.6719821635385799,2.4511599405011997,15.52262990014465,12.58031232701964,11.32562506703465,4.886180440016536,1.3520058818606226,1093.0,2211.662765875438, 0.0, 0.0,0.0,NaN, 66.3187082413215,66.3187082413215,0.0, 8.146931860320468, 0.18909068688794609, 0.8039265089578632, 0.18909068688794609, 8.636429612379867, -2.5391600378019024, 0.8039265089578632, -2.5391600378019024, 8.919317724285724, 2.0, 0.0
115439, 0 ,1.0,1.0,1.0,127.78386672984149,116.9053777567195,67.97205590971744,81.80314000692803,10.475650256778126,13.310043856297924,199.0,45.0,56.0,-0.99998248696856,0.0053331612962964625,0.0025657643617934918,81.8045491078715,-0.0013538458122660862,0.2158996622403236,-0.9764146163111395,13.43826894649463,0.005761324299948129,0.9764009899806031,0.21588866090466394,10.2994613321036,199.2791169963637,58.47019646195925,46.24974973098301,77.82858675652965,30.353934081656003,92864.0,538896.9557645341, 0.0, 0.0,0.0,NaN, 129.38348632974973,129.38348632974973,0.0, 6691.753714993069, -35.14485875091487, -16.799091852989473, -35.14485875091487, 109.73924830233561, -15.616768012591539, -16.799091852989473, -15.616768012591539, 177.15726745657412, 7.0, 0.0
115512, 0 ,1.0,1.0,1.0,125.3279036226351,71.73598031729873,161.7166369729363,6.4398572557457,88.43336874998683,5.871243458127141,30.0,199.0,26.0,-0.017826738541994194,-0.9997569766259529,0.012969004614437077,88.45473252162176,-0.7864613785067185,0.02203046711992436,0.6172464326634786,6.954234213646179,-0.6173821405825306,8.038695241402408E-4,-0.7866629813862611,4.878820628003666,199.6356066291019,35.60406469429576,23.199174928775562,84.26510561752879,28.209855457918888,11787.0,164896.00157254338, 0.0, 0.0,0.0,NaN, 110.39741271486523,110.39741271486523,1.9073486328125E-6, 41.471761474380536, 138.59705065526788, -13.72510408928473, 138.59705065526788, 7820.460708471146, -100.80536402309492, -13.72510408928473, -100.80536402309492, 34.47149974460075, 6.0, 0.0
115823, 0 ,1.0,1.0,1.0,168.21784609787156,120.58813898490085,169.80980534837184,6.319802197670569,6.735585970553148,5.893460939306923,25.0,26.0,25.0,0.2636755761003287,0.8940828795661399,0.3620649044506792,6.855126320430881,-0.8622899544170322,0.38670961855386626,-0.326973554633086,6.43065103499446,0.4323554383601903,0.22598998956733213,-0.8729245669218646,5.62981975063066,31.934957854119318,30.003441567971407,27.517216504997023,10.559614213874104,2.9215488497848003,10994.0,26365.85879671881, 0.0, 0.0,0.0,NaN, 90.70720384645973,90.70720384645973,0.0, 39.93989981768175, 0.38579289895965396, 4.183601618214411, 0.38579289895965396, 45.36811836671239, 3.7309258338573317, 4.183601618214411, 3.7309258338573317, 34.73288184313644, 5.0, 0.0
115968, 0 ,1.0,1.0,1.0,56.24928909952607,94.93641997812614,163.635435654393,8.526866380941627,8.86390213622832,68.4371204746404,36.0,35.0,198.0,-0.025066749623775048,-0.022798954662161277,0.9994257679936075,68.47585317052261,0.3323879028512189,-0.9430507241955725,-0.013176252592272838,8.779025174969236,0.942809599071556,0.3318667492541541,0.03121731311328595,8.300718027122304,199.10347582958323,37.81609241004042,38.31091834913205,51.03286931016669,47.22882509856697,13715.0,288454.98909005837, 0.0, 0.0,0.0,NaN, 116.18643596612729,116.18643596612729,1.9073486328125E-6, 72.70745027843256, 0.07957565401288011, -115.77867695970559, 0.07957565401288011, 78.56876108063298, -105.17009844034641, -115.77867695970559, -105.17009844034641, 4683.6394588604435, 7.0, 0.0
117226, 0 ,1.0,1.0,1.0,142.16658923475146,29.2442202606137,32.875821331386476,10.127225006671482,8.18153829761616,12.722120423516897,44.0,39.0,53.0,-0.35641035145254235,0.21487821541662333,0.9092848915036709,13.297545813611213,0.9040536643062428,-0.16642287084443044,0.3936882016448462,9.688770922403215,-0.2359208202595323,-0.9623568883731562,0.13494660413957998,7.788041902152468,58.00385897403617,45.54481329287462,37.12127212877242,17.42799482411988,5.255054684018529,45201.0,98066.045976996, 0.0, 0.0,0.0,NaN, 72.66875152090134,72.66875152090134,0.0, 102.56068633575221, -13.894869108259167, -25.82553338699016, -13.894869108259167, 66.93756891535996, 20.521709880817188, -25.82553338699016, 20.521709880817188, 161.85234807046575, 6.0, 0.0
117277, 0 ,1.0,1.0,1.0,90.41252293754572,142.54370645074363,85.97921826277765,16.242941296084123,71.11419704325031,13.78483297845118,69.0,199.0,59.0,0.006005035153113774,-0.99997926289687,0.002326656193474486,71.11558896248435,-0.9049872968124116,-0.006424350217632352,-0.4253900801998621,16.868696134631286,0.4253962060961215,4.4888808624162944E-4,-0.9050071084463988,13.003994791390506,199.43723160309673,76.63555084391389,63.98149651152131,62.41350176365798,40.195006914993606,155858.0,977892.0475853215, 0.0, 0.0,0.0,NaN, 137.36111511424514,137.36111511424514,0.0, 263.83314194803495, -28.68272790777899, 44.51301288220515, -28.68272790777899, 5057.229021106233, -11.05770595545353, 44.51301288220515, -11.05770595545353, 190.0216202437952, 15.0, 0.0
117807, 0 ,1.0,1.0,1.0,150.61309090909091,115.35781818181819,43.577090909090906,4.209268074025253,3.3026659704542847,4.441668676083246,17.0,14.0,19.0,-0.0335289192447365,0.26505477550149326,0.9636502361116988,4.5233729340774955,-0.9982210185861367,-0.056443769568832375,-0.019206741777732437,4.211090070411416,-0.04930121324202762,0.9625799015462111,-0.26647574657396245,3.187440756726567,19.33604466888351,17.36604015871052,14.176943434884805,6.695336162959272,1.8778803275166709,2750.0,4760.483324693199, 0.0, 0.0,0.0,NaN, 107.24890947974734,107.24890947974734,0.0, 17.717937719008262, 0.33517038016529205, -0.1876273719008267, 0.33517038016529205, 10.907602512396743, 2.639324561983465, -0.1876273719008267, 2.639324561983465, 19.728420628099094, 1.0, 0.0
117898, 0 ,1.0,1.0,1.0,103.59422246381573,166.2021361113932,137.55107014640964,86.61744423338523,36.81950981962315,15.103406282548276,199.0,199.0,61.0,0.9998777305738039,0.01205682898286491,-0.009957749618172085,86.62674053165212,-0.012236300644855945,0.9997601517807743,-0.0181634759287119,36.81249165265943,-0.009736367346651786,-0.018283101109006522,-0.9997854426649394,15.067153460469756,201.8026229381532,202.11976024513277,63.12080468240691,92.78139181304,21.86284893262111,167407.0,2574590.176558634, 0.0, 0.0,0.0,NaN, 119.7340318608193,119.7340318608193,0.0, 7502.581645523599, 73.92794868820768, -72.20467366928759, 73.92794868820768, 1355.6763033573254, -21.359726072889245, -72.20467366928759, -21.359726072889245, 228.11288133571875, 10.0, 0.0
118084, 0 ,1.0,1.0,1.0,122.75179193742296,89.82631522880492,49.27368324937986,9.556724095121744,89.61976740303272,13.089070532795848,43.0,199.0,58.0,7.330659276077676E-4,-0.9997743550818967,0.021229732332806138,89.63957135020306,-0.045843007013205796,-0.02124101666358657,-0.998722803343893,12.959141203762318,-0.9989483877169695,2.4110510996498108E-4,0.045848233837226526,9.548055279964942,200.14469473786218,60.33881133136455,43.18305742057595,90.2017397201788,12.56994843547193,65711.0,521499.8895683044, 0.0, 0.0,0.0,NaN, 128.3119184543043,128.3119184543043,0.0, 91.33097543028052, -5.747466917535621, 3.6386871877978226, -5.747466917535621, 8031.702709373686, -166.98411914405486, 3.6386871877978226, -166.98411914405486, 171.32376741250457, 7.0, 0.0
119839, 0 ,1.0,1.0,1.0,159.77981360720227,87.78752277107479,162.40995855004357,11.765013652969877,9.324116295163602,8.4191395965494,49.0,37.0,35.0,0.9293204358581341,-0.022389739267704767,0.36859493630809836,12.301813135862707,-0.11431483735538919,0.9316855749133058,0.3448102484829498,9.595147958614866,-0.3511347967047098,-0.36257508060260657,0.8632749651583522,7.268777869015786,53.88942354669598,42.61446478554075,35.48829979601565,16.480655374953514,4.962318097270673,37877.0,81497.77828748806, 0.0, 0.0,0.0,NaN, 103.62105849663382,103.62105849663382,0.0, 138.4155462545676, -6.2278971431009715, 32.19389218542579, -6.2278971431009715, 86.93914468573541, 11.790488856317719, 32.19389218542579, 11.790488856317719, 70.88191154618598, 5.0, 0.0
120451, 0 ,1.0,1.0,1.0,162.6412603446423,54.53467918174327,43.541056138716726,11.675023551030232,10.965966247442799,11.088550025315211,50.0,51.0,51.0,0.6669004802542196,-0.4093123901221246,0.6226613178359525,13.795828864044053,0.4974927220169524,0.8666836585081923,0.036883975043623035,10.438193943664634,-0.5547474569359057,0.28517153323459415,0.7816216832047179,8.957329148219083,60.881324874466486,50.35203061483148,45.16883010182028,18.663330538383832,5.585214905095964,55826.0,138464.97342362948, 0.0, 0.0,0.0,NaN, 79.15510237355102,79.15510237355102,0.0, 136.30617491711058, -17.667555977989213, 46.24273154605531, -17.667555977989213, 120.25241574005469, -27.140006174265718, 46.24273154605531, -27.140006174265718, 122.95594166391797, 4.0, 0.0
121708, 0 ,1.0,1.0,1.0,47.5393433776235,23.89189504543267,169.8168108163295,11.984817380030165,11.654379070679038,11.417991821086117,47.0,45.0,47.0,-0.09314596285740323,0.7278717092298578,0.6793574938912307,12.403780108997468,0.929385228630483,0.308328665106659,-0.2029200115242737,12.204021405001878,0.35716512484680374,-0.6124836399254688,0.7051927852841492,10.345967182242502,58.09015964084347,53.101395356814244,48.78457013684604,19.496429506939805,5.4516211224797715,68563.0,150484.2284179834, 0.0, 0.0,0.0,NaN, 61.1705544108831,61.1705544108831,0.0, 143.63584763267312, 8.832484184107154, -10.86419566204875, 8.832484184107154, 135.8245515230816, 20.52772197498114, -10.86419566204875, 20.52772197498114, 130.37053722638944, 6.0, 0.0
121733, 0 ,1.0,1.0,1.0,124.21026257767087,161.09410703547806,120.20154339547004,9.48173370825457,6.514116788017298,7.483366309360488,40.0,31.0,31.0,-0.9478147407882093,-0.28815395165932045,0.13643502954776177,9.784492063512827,0.0869703015098551,0.17802461795321248,0.980175189472728,7.459219762129789,0.306730148175665,-0.9408902887934019,0.14367352106217668,6.0795985526643355,42.71980049740888,33.21748870117193,27.820520858352054,13.159376460354407,3.8946853707240288,19956.0,39478.55684240568, 1.4210854715202004E-14, 0.0,-1.4210854715202004E-14,52.12989478166249, 116.72851614912906,116.72851614912906,NaN, 89.90327411425095, 16.341557771053054, -6.008201848436117, 16.341557771053054, 42.4337175279288, 0.9486120216129011, -6.008201848436117, 0.9486120216129011, 56.0007713200716, 7.0, 0.0
121887, 0 ,1.0,1.0,1.0,55.12855831037649,60.057483930211205,171.66896235078053,7.774313255203514,7.641989360296988,8.784004419058073,33.0,35.0,35.0,0.21891143364334123,0.1421926255651101,0.9653284629881779,8.916344932195438,0.7182425973450176,-0.693132963755996,-0.06078047313004816,8.542206743046973,-0.6604584434915642,-0.706645563058122,0.2538635315104752,6.597588848671365,38.01128726129659,40.197100246947365,30.864152474344756,13.451356471440107,3.880681729438748,21780.0,47158.681914141285, 0.0, 0.0,2.8421709430404007E-14,15.131676067347321, 86.30589210297086,86.30589210297086,9.5367431640625E-7, 60.43994659003306, -13.537142103057493, 6.316616410367969, -13.537142103057493, 58.40000138289238, 6.178074340533665, 6.316616410367969, 6.178074340533665, 77.15873363403175, 8.0, 0.0
122360, 0 ,1.0,1.0,1.0,78.07064676616915,49.472636815920396,188.2139303482587,3.2878464695852445,2.101053399014459,3.253624840407061,13.0,8.0,12.0,-0.8461156506039595,-0.15253874383019675,-0.5107056269846101,3.3238537708789933,-0.5200470151158348,0.02631526987165446,0.8537321644641794,3.241985486664844,-0.11678787553572839,0.987947082693343,-0.10159308010668637,2.062028275571472,14.185943427630377,13.737791795800149,8.513135142186862,4.880183271067378,1.412177621966294,1005.0,1659.0698894756486, 0.0, 0.0,0.0,NaN, 93.17445528600432,93.17445528600432,NaN, 10.809934407564157, 0.7914853592732777, 0.15802084106829042, 0.7914853592732777, 4.414425385510211, 0.6700329199772255, 0.15802084106829042, 0.6700329199772255, 10.586074602113875, 2.0, 0.0
122529, 0 ,1.0,1.0,1.0,57.390502868044074,147.8852609725885,96.6211160554359,16.29718013864429,18.851572552862738,85.48325578734936,64.0,75.0,198.0,-0.0032360987059046067,-0.0050568044957584385,0.9999819780343332,85.48472490303412,-0.11940859194606462,-0.9928304748631873,-0.005407065044625295,18.88175328261046,-0.9928399245772825,0.11942393776471406,-0.002609071510302371,16.254479057166815,198.4905702898972,79.4666323463845,69.2705736928267,88.51245292644168,9.690849556984487,231691.0,1092630.8858783192, 0.0, 0.0,0.0,NaN, 123.87596986962483,123.87596986962483,0.0, 265.5980804714219, 11.059139665520444, -22.733222681207433, 11.059139665520444, 355.3817877158477, -35.121045922296055, -22.733222681207433, -35.121045922296055, 7307.387020005399, 18.0, 0.0
123379, 0 ,1.0,1.0,1.0,59.45374287290785,82.53672368340384,33.21821382590189,16.73907738265432,18.07820556108509,17.282414121598674,72.0,72.0,69.0,-0.15824305109556008,0.7902479512082161,0.5920027976210794,19.214234935006203,-0.9333282696499186,0.07597286754078612,-0.3508938079674804,16.74887545656252,-0.32226926296539177,-0.6080594535149064,0.7255385745354251,15.999637889799738,93.76704012048114,75.45080723129244,76.91497963171084,28.9918928596233,8.072807084180777,228354.0,544158.0108906098, 0.0, 0.0,0.0,NaN, 107.00704662671397,107.00704662671397,0.0, 280.1967116224894, -15.895421528557554, -2.568809862567761, -15.895421528557554, 326.82151630884783, 52.303397614476744, -2.568809862567761, 52.303397614476744, 298.6818378704333, 10.0, 0.0
125400, 0 ,1.0,1.0,1.0,105.81103982568696,30.136666263164265,73.2947585038131,5.7861460332344805,6.68873836324979,5.226375973432122,25.0,28.0,24.0,0.10476851610673284,0.91684261731218,-0.3852572817130713,6.925792489237221,-0.8857473321565112,0.26216848138903326,0.3830396205926897,6.0428449649383245,-0.4521893647692488,-0.3011101168116401,-0.8395579050567412,4.588151670481042,29.88177053128819,29.10087813175889,20.85822527424679,9.848663097175331,2.921908250429332,8261.0,18138.015731425832, 0.0, 0.0,0.0,NaN, 123.0930562473284,123.0930562473284,0.0, 33.47948591791511, -1.0057697570754882, -6.333238345908179, -1.0057697570754882, 44.73922089200948, -7.954095430432808, -6.333238345908179, -7.954095430432808, 27.315005815668556, 4.0, 0.0
126023, 0 ,1.0,1.0,1.0,52.327664079040225,105.47092448835568,32.20988002822865,5.861357826802484,93.37882056395229,8.38067397742474,28.0,199.0,35.0,-0.02436313722196617,-0.9994826937896082,0.020994817450316623,93.42684468273137,0.25037339277963344,-0.0264320969167908,-0.9677884626511091,8.312567716464685,-0.967842756718631,0.018321819441579814,-0.25088784187287977,5.14987887163175,199.97554201695183,38.983325411852825,24.82703236591285,93.64076675914743,7.456684421591552,14170.0,193544.38492499266, 0.0, 0.0,0.0,NaN, 112.74487534468216,112.74487534468216,NaN, 34.35551557381874, 211.61788973892507, -14.7679938582261, 211.61788973892507, 8719.604129914798, -181.51436340355482, -14.7679938582261, -181.51436340355482, 70.2356963158842, 5.0, 0.0
126026, 0 ,1.0,1.0,1.0,47.114248615243014,32.889827583373055,59.963593629296035,12.498953693246136,11.14712607454254,80.764428781433,52.0,47.0,198.0,0.0015305072149019582,0.007911905287062043,0.9999675291240181,80.76700163260021,-0.9939941562197914,0.10943120069236108,6.555272178803304E-4,12.51422321649638,-0.10942246089615387,-0.9939628836479545,0.008031872862099183,11.11129533880175,198.38327766320123,51.810279713172775,48.28824488698436,73.24005853734464,37.93769952154061,60841.0,496320.7345298042, 0.0, 0.0,0.0,NaN, 83.04893582691044,83.04893582691044,0.0, 156.22384342591124, -3.5278051237161456, 9.773098086533205, -3.5278051237161456, 124.25841972174615, 50.63572209689456, 9.773098086533205, 50.63572209689456, 6522.892956391163, 5.0, 0.0
126107, 0 ,1.0,1.0,1.0,85.10623802943245,134.73382306591995,50.7762746381555,8.525126496247694,9.020470659108954,12.249166293050004,34.0,37.0,53.0,-0.04831641273363032,0.2552720040120802,0.9656612906336313,12.454524042279413,0.6344115887865828,-0.7388923745370353,0.22706826036305827,9.211446631808899,-0.7714839339051963,-0.6235978374069929,0.12624688870417522,8.007673157246302,55.10629197424913,43.48422607877289,39.023870149760825,16.71782141220826,4.96016076283137,41247.0,93511.12283706471, 0.0, 0.0,0.0,NaN, 118.66328694774325,118.66328694774325,0.0, 72.67778177702449, -10.838742518846473, -1.259500944660101, -10.838742518846473, 81.36889091184551, 18.95247458608648, -1.259500944660101, 18.95247458608648, 150.0420748747924, 5.0, 0.0
126704, 0 ,1.0,1.0,1.0,68.92577586206896,153.58603448275863,153.64327586206898,7.423814737727997,5.4750384787358595,6.264320666014654,33.0,24.0,25.0,-0.9962265836281315,0.08620431340358566,0.01007027423848822,7.436682040696095,-0.010290966953573066,-0.0021160938218227985,-0.9999448075499456,6.264197407210846,-0.08617824593122372,-0.9962752323015734,0.0029952346592428793,5.457689628357868,32.71313890715966,25.120285200525245,24.603026777346827,10.74544715599935,2.9776081723473857,11600.0,20217.866421925806, 0.0, 0.0,0.0,NaN, 95.15232338741957,95.15232338741957,0.0, 55.11302526010741, -2.1912434750297196, -0.15871892092746745, -2.1912434750297196, 29.976046343638274, 0.042156093935791776, -0.15871892092746745, 0.042156093935791776, 39.24171340665827, 5.0, 0.0
126961, 0 ,1.0,1.0,1.0,35.15141146278871,106.18391787852866,183.02309666381524,3.1060800459052644,2.510109185529924,3.3427495674555874,13.0,11.0,14.0,-0.08845283747941118,0.1263554082338328,-0.9880336058818555,3.3533004814566225,0.961032599727732,-0.24998242600168485,-0.11800478359316198,3.147588148228169,0.26190158037399797,0.9599703628239644,0.09932001156478334,2.4434444490868654,14.514797790240152,13.847367851246744,10.771004362728021,5.017396524074638,1.395739290047011,1169.0,2164.882954597488, 0.0, 0.0,0.0,NaN, 101.61345501130786,101.61345501130786,0.0, 9.64773325157085, -1.0047506112057931, 0.014466972202483103, -1.0047506112057931, 6.300648123281698, -0.5423146131054467, 0.014466972202483103, -0.5423146131054467, 11.173974670724515, 3.0, 0.0
127496, 0 ,1.0,1.0,1.0,83.28791298068244,154.53534031413614,124.12497743274959,9.037380005657988,6.578807360667323,8.316596431237135,37.0,30.0,38.0,0.9206577655625205,-0.0610669300182372,0.38556466223913066,9.187741936252,0.3886444616258286,0.05060220251189454,-0.9199972280113212,8.163330803966462,-0.03667098521988486,-0.9968501628424872,-0.07032063483722296,6.562480335464038,40.85497280503334,36.05596544677739,29.651553391626777,13.41224685876438,3.772579231121385,22156.0,43678.679960488225, 0.0, 0.0,1.4210854715202004E-14,67.32120034408139, 121.49457098409748,121.49457098409748,1.9073486328125E-6, 81.67423736666677, -1.8610731117473847, 6.24872580594356, -1.8610731117473847, 43.280706288770546, -2.0710126976820304, 6.24872580594356, -2.0710126976820304, 69.16577620006625, 5.0, 0.0
128034, 0 ,1.0,1.0,1.0,50.20701809107923,120.2278696194635,142.963178415471,9.169064354633479,12.377143977046325,14.68054189809415,43.0,54.0,63.0,-0.19415528737134022,0.3896533215698218,0.9002633022484907,15.57098113560598,-0.40237903986565854,-0.8686030392677435,0.28917100209327595,12.09565508304577,0.8946478819415733,-0.3061030041741562,0.32543220211437784,8.001463564638271,64.69619094979149,58.62977100518327,37.061976413882604,20.27670783799236,6.452818286790916,64120.0,140580.6299831709, 0.0, 0.0,0.0,NaN, 110.17048818768421,110.17048818768421,0.0, 84.07174113941026, 15.259033978029295, -40.76226185725146, 15.259033978029295, 153.1936930285341, 41.925249534794396, -40.76226185725146, 41.925249534794396, 215.5183104216978, 5.0, 0.0
128590, 0 ,1.0,1.0,1.0,41.64663608958911,168.4240712428632,48.469850483273305,54.12770949742568,37.57404349659281,12.430354471670444,199.0,199.0,54.0,-0.9984674217169849,-0.05485271654409731,0.00734760216463704,54.1712368903614,-0.05505481096576633,0.9980045188959364,-0.030918409610049456,37.52925413074815,-0.005636981405022999,-0.03127554557516149,-0.9994949047842194,12.375927059053147,205.6614320394566,201.89102641186648,53.99018009825799,47.57397511100207,47.253024078365115,115773.0,2241736.9367394126, 0.0, 0.0,0.0,NaN, 71.27978661812418,71.27978661812418,0.0, 2929.808935437706, 83.35992636059795, -18.268252673155757, 83.35992636059795, 1411.8087446838483, -39.854843351444615, -18.268252673155757, -39.854843351444615, 154.51371229137743, 10.0, 0.0
129916, 0 ,1.0,1.0,1.0,85.0031712473573,32.33141832889052,154.65995649109905,11.606893884824833,11.70638525069265,11.365535174691777,50.0,50.0,48.0,0.6733737695561492,-0.7200461605384103,0.16763440329370316,12.968531500096542,0.27218335657784887,0.030633396786798273,-0.9617576697917818,11.370792573447668,-0.6873747063107265,-0.6932496820736356,-0.21661230673497273,10.171386241855412,61.78298034788105,52.329167946432335,45.80659200223347,19.25934297987405,5.478370111813672,65274.0,148095.09181808447, 0.0, 0.0,0.0,NaN, 101.61977798959363,101.61977798959363,0.0, 134.7199856535841, -31.16748787563323, 0.5425956583991103, -31.16748787563323, 137.0394556376344, -8.573916701472974, 0.5425956583991103, -8.573916701472974, 129.17538980715602, 6.0, 0.0
130211, 0 ,1.0,1.0,1.0,50.56130450168557,140.91786332904957,49.9729377363059,9.765663329134647,12.82520661011848,9.74429139997475,39.0,53.0,37.0,-0.22745902479229504,-0.9729107951748964,0.041315574214685166,12.984992711243391,-0.03465194930407417,-0.03431405832779943,-0.9988101860766663,9.737946004485632,-0.9731709173880846,0.22862005606076513,0.025908213307879763,9.55864486423322,55.61589431502088,38.64615090828197,43.15323637438787,18.102081424501215,5.2076835386352665,53691.0,92750.98762409443, 0.0, 0.0,0.0,NaN, 92.43613412791419,92.43613412791419,0.0, 95.36818025800518, 17.097639322278088, -0.6061430138952731, 17.097639322278088, 164.48592459222675, -2.986279722539946, -0.6061430138952731, -2.986279722539946, 94.9512148876219, 4.0, 0.0
130339, 0 ,1.0,1.0,1.0,152.7205929579817,49.22810127557902,158.17736072038744,12.148431379343014,11.754165190145972,12.267521990380898,49.0,49.0,51.0,0.6615498580606319,0.0038619476546572426,0.7498912392209087,12.68243064425394,-0.5056957852858953,0.7406996364603208,0.44230738326601626,11.935748558405809,-0.553736000314265,-0.6718252257156332,0.4919627100178419,11.529559375124732,61.8183956328962,56.5430053952583,55.64350588962627,20.151263256237087,5.492127935340099,77847.0,194496.19239978798, 0.0, 0.0,0.0,NaN, 80.04924385499282,80.04924385499282,0.0, 147.584384978606, -3.498831928717651, 11.71561875254221, -3.498831928717651, 138.1603993172393, 3.2034709839566964, 11.71561875254221, 3.2034709839566964, 150.4920957844789, 7.0, 0.0
130806, 0 ,1.0,1.0,1.0,18.087588743477887,161.35736891626038,174.87212385595757,6.2746924534920705,10.74961299356429,41.97893540173704,28.0,48.0,198.0,-0.009383286866571687,-0.03599083920822902,0.9993080673249201,42.00609071312076,-0.18838920884938523,-0.9813928961238251,-0.03711454467987577,10.782417370439468,-0.9820496219217656,0.18860711261980334,-0.0024284053488817393,6.031979858325359,198.97871334578926,49.889949631104486,26.276398628253414,25.020558900683586,35.932277894090575,23382.0,260846.80733065208, 0.0, 0.0,0.0,NaN, 49.51589606517814,49.51589606517814,0.0, 39.371765385910344, 15.351343275147496, -15.645800601188938, 15.351343275147496, 115.55417951140622, -59.24431044993537, -15.645800601188938, -59.24431044993537, 1762.2310174632116, 4.0, 0.0
130942, 0 ,1.0,1.0,1.0,171.0948452951574,152.87464369317004,166.23950188703282,11.279104430396162,11.490893179704358,11.932348471227995,46.0,51.0,50.0,0.6069932697280374,-0.22175206431806316,0.7631416595072918,13.315984574100833,0.27866732426347296,0.9586989631861557,0.05692820367468488,11.443468687912896,-0.7442470644165836,0.17810760780064283,0.6437188727626602,9.662884769521023,60.34081793554191,52.355396126401445,48.45167603649918,19.22323228820115,5.6663130209916215,62797.0,153066.95665054076, 0.0, 0.0,0.0,NaN, 64.77714418212818,64.77714418212818,0.0, 127.21819675178233, -1.2588081888707736, 39.4809390060166, -1.2588081888707736, 132.04062606737614, -12.15461950642933, 39.4809390060166, -12.15461950642933, 142.38094003881707, 8.0, 0.0
133798, 0 ,1.0,1.0,1.0,137.16314423433445,76.07690025954764,128.7150166852058,5.961432607249099,5.857175732281945,8.833061437058511,27.0,26.0,37.0,0.22214098085824255,0.15359422175821255,0.9628406927762385,9.020671353245447,-0.6763901947262697,-0.6869728336878328,0.265640038874165,5.966786432855677,-0.7022461741451477,0.710265542468025,0.04871519353451436,5.5581569464960126,37.59386979153297,27.880492816724754,26.403110514146345,11.642830053359646,3.5089412917634135,13485.0,27674.040520901985, 0.0, 0.0,0.0,NaN, 121.72803309758481,121.72803309758481,1.3486991523486091E-6, 35.538678730772794, 3.910628062958492, 9.950683225253806, 3.910628062958492, 34.306507558832536, 6.605823336851432, 9.950683225253806, 6.605823336851432, 78.02297435085018, 4.0, 0.0
134163, 0 ,1.0,1.0,1.0,55.062899786780385,64.97601279317698,185.86176261549397,6.515000097848087,5.708379881845466,36.0038901873162,25.0,22.0,198.0,-0.014132803915678425,0.008889473879773194,0.9998606108391419,36.008745143078926,0.9552726432258439,-0.2952864184424671,0.016127869906771508,6.574273225930668,-0.2953886269946604,-0.9553674205966838,0.004318646159207679,5.608933993402287,198.3601335248289,27.736667390304945,24.20679390277401,17.439798825667552,32.66748157864223,5628.0,133182.12596670978, 0.0, 0.0,0.0,NaN, 86.334783996769,86.334783996769,0.0, 42.44522627496058, -3.4764585161308834, -17.696706461600016, -3.4764585161308834, 32.585600875458056, 11.189114774891891, -17.696706461600016, 11.189114774891891, 1296.2801086203237, 2.0, 0.0
134350, 0 ,1.0,1.0,1.0,154.8274240491841,128.59924784983158,126.8224402367638,14.478919207446115,80.3674799918492,81.43396017375044,58.0,199.0,198.0,0.005762354953109983,-0.571412657317239,0.8206426568994849,82.43124209137692,-0.008480631554850047,-0.8206546940378121,-0.5713614898137043,79.34839959463005,-0.9999474356954094,0.003667180300513359,0.009574843853467036,14.456231192110032,276.52105674960274,276.9062938321548,59.593254355022864,110.70122799000185,32.33108307386581,152895.0,4563080.574192817, 0.0, 0.0,0.0,NaN, 111.77470321384897,111.77470321384897,0.0, 209.63910141575204, 20.6794385281772, 60.63925509721008, 20.6794385281772, 6458.9318402402805, -234.08623316248946, 60.63925509721008, -234.08623316248946, 6631.489869579972, 9.0, 0.0
135238, 0 ,1.0,1.0,1.0,67.36971947389549,110.58015537556967,136.98374223712483,79.85615934752228,17.802201342297774,14.757844731591508,199.0,71.0,60.0,0.999783536897338,0.008164653099741155,0.019136817624936266,79.87284238920665,-0.006230577625575044,0.9950648818436145,-0.09903060549145978,17.819132260476696,-0.019850925708914897,0.09888993559161796,0.9949003575168646,14.646709993815524,200.3117988578088,73.33428009877204,65.68097777013911,76.03758307435818,33.615539556882545,169396.0,964835.2755292597, 0.0, 0.0,0.0,NaN, 128.47426379273693,128.47426379273693,0.0, 6377.006185736871, 49.686819340382826, 118.01926378088834, 49.686819340382826, 316.91837263170873, -9.186080262200544, 118.01926378088834, -9.186080262200544, 217.79398112176324, 7.0, 0.0
136029, 0 ,1.0,1.0,1.0,133.74963972225862,20.679767675444342,136.09718765011573,10.634677521104742,9.127802083703111,10.616229055266066,46.0,39.0,43.0,-0.7598082104863909,0.19312917700735915,0.6207999712193353,11.28002670637815,-0.5002997600713304,0.4361148606158986,-0.7479999855765668,10.312827487975555,0.41520071453459295,0.8789226071381003,0.23474117089153265,8.690457002809008,54.03891068466292,50.279079407542554,42.00361705843879,16.951246023950286,4.666124135354825,45798.0,114124.94826355964, 0.0, 0.0,0.0,NaN, 94.34157330819434,94.34157330819434,0.0, 113.09636597789047, -14.3155330764085, -12.855903017681225, -14.3155330764085, 83.31677087925485, -3.8569510878947106, -12.855903017681225, -3.8569510878947106, 112.70431935387545, 9.0, 0.0
136343, 0 ,1.0,1.0,1.0,53.49831375310381,118.71748878923766,108.29129451877108,9.720745384504399,91.41172774757848,91.84490866921765,41.0,199.0,198.0,-0.017180062240006032,0.3712788195521649,0.9283624742595858,91.94162086120294,-0.0014251662802003582,-0.928507659818028,0.37131050962815787,91.3280580527737,-0.9998513961396981,-0.005056066771662074,-0.016480953440174258,9.592094391149066,258.318737234919,258.3423860299698,41.15116722036062,128.9276614303161,16.24014246222078,26983.0,2746209.932190268, 0.0, 0.0,0.0,NaN, 133.71388433590593,133.71388433590593,0.0, 94.49289083036358, -42.41757233295381, -137.72144483932084, -42.41757233295381, 8356.10396979741, 38.071175855783814, -137.72144483932084, 38.071175855783814, 8435.487248456931, 3.0, 0.0
136792, 0 ,1.0,1.0,1.0,186.0442302031204,78.01920812481602,67.22023108625258,10.978038322409752,9.95992110698776,9.607220180944626,199.0,41.0,40.0,-0.9946639465351061,-0.10285850211880064,-0.00798511146350182,10.989746406217943,-0.07526916184624594,0.7764416923285644,-0.6256779136975499,10.532706682772995,0.07055626646989972,-0.6217382302511495,-0.7800406311891689,8.961227445643598,200.35083363109283,47.87502583631462,45.78020168637374,15.04832492961605,9.250078393372254,27176.0,439114.5997167418, 0.0, 0.0,0.0,NaN, 103.92458715018334,103.92458715018334,0.0, 120.51732540829713, 2.35023225765275, 1.7641405002326995, 2.35023225765275, 99.2000284574203, -14.848982949184052, 1.7641405002326995, -14.848982949184052, 92.2986796051497, 2.0, 0.0
136823, 0 ,1.0,1.0,1.0,23.08492039274111,42.18538529195312,143.53427509827503,12.861352684610132,12.004427797374303,9.661310755843921,199.0,56.0,48.0,0.8973609051936009,-0.25147271487587314,0.36263601517648286,13.62862486367135,0.15220116215635338,0.9476935902416849,0.28055599307995704,12.009950870224527,0.4142200044280527,0.19656635695811012,-0.888697617440173,8.53716988008314,185.04413064297052,71.83329942981194,103.84444759155153,18.833197630961237,6.940624765426257,55711.0,1380334.712182908, 0.0, 0.0,0.0,NaN, 74.16804143596494,74.16804143596494,0.0, 165.41439287792826, -15.174975459356942, 39.77207992156056, -15.174975459356942, 144.10628674237287, 8.680422300533337, 39.77207992156056, 8.680422300533337, 93.34092552098544, 3.0, 0.0
137388, 0 ,1.0,1.0,1.0,149.689932180485,147.6713881728772,57.559510998773746,10.205480739580862,13.921357665711632,12.990560201231041,41.0,58.0,55.0,-0.09999993306602782,0.9830820531304293,-0.15345908314482248,14.009684659167991,-0.35379365129986395,0.10902058605655389,0.928948095490698,13.34346358716718,0.9299624001467476,0.1471875967218198,0.33690613779590695,9.61204483827704,60.535611765968284,61.5088726767393,45.504539630448676,20.759707353507196,5.9787324175958245,79918.0,169435.1174723645, 0.0, 0.0,7.105427357601002E-15,81.17256094390696, 92.64169604544087,92.64169604544087,0.0, 104.15183712595592, -13.516078994420017, -26.557425329092137, -13.516078994420017, 193.804199256668, -6.996785732252894, -26.557425329092137, -6.996785732252894, 168.75465434180785, 5.0, 0.0
137511, 0 ,1.0,1.0,1.0,134.70823764941412,173.5209915798151,134.52676205617382,6.391076947128969,49.82767587945865,8.109404664424575,23.0,199.0,32.0,0.00185053484066255,-0.9999596066055961,0.00879549191260506,49.829635522498364,-0.10191037814320424,-0.008938295480871215,-0.9947534275892723,8.11405492544891,-0.9947918628273517,-9.444739688533188E-4,0.1019228022643096,6.369860945551848,199.2567408364732,33.37505281811286,24.606289165740392,29.587376849662807,41.40039520656671,16983.0,163636.8487813794, 0.0, 0.0,0.0,NaN, 96.18158350022361,96.18158350022361,0.0, 40.845864544123344, -4.496584038274512, 2.6007834886852437, -4.496584038274512, 2482.7972835483856, -21.256773872285756, 2.6007834886852437, -21.256773872285756, 65.76244401139105, 3.0, 0.0
138338, 0 ,1.0,1.0,1.0,79.0129574523623,97.11078047507178,159.79674758548683,14.380797951569305,18.1855756515062,16.608673277957067,62.0,77.0,68.0,0.2851133490674166,0.9284807790528666,0.2379786148227241,18.70400197760179,-0.19868665135431707,-0.18564040316417108,0.962320765278736,16.520161520015687,-0.9376747798448934,0.3216536703388054,-0.1315481797684993,13.80634321349797,85.09083873084649,74.98277089811307,63.51253947055275,27.473314734833945,7.654248299818407,191550.0,405232.03216793627, 0.0, 0.0,0.0,NaN, 131.4908842260613,131.4908842260613,0.0, 206.80734972385991, 45.18588902563741, -4.932375502517018, 45.18588902563741, 330.7151617766551, 20.47938927818341, -4.932375502517018, 20.47938927818341, 275.8480280539252, 9.0, 0.0
138678, 0 ,1.0,1.0,1.0,166.73916580213148,133.2004385551259,33.03337498821088,13.781219239165978,80.18249971875727,10.124796899379465,58.0,199.0,44.0,-0.008287522303190355,-0.9999429438236545,0.006739886598316764,80.18695640363791,0.99097036492581,-0.009114809813784997,-0.1337709089483425,13.824415068575297,0.1338247092762818,0.005570398490465154,0.9909893631355368,10.030171875545268,199.6207952866966,60.20534382339258,43.12039588214303,74.33556504153466,34.58165043887043,84824.0,518231.2068647916, 0.0, 0.0,0.0,NaN, 81.60679116272962,81.60679116272962,0.0, 189.9220037179585, 51.6340505403205, -12.351829416035933, 51.6340505403205, 6429.233261148509, -42.54626569779267, -12.351829416035933, -42.54626569779267, 102.51151225368402, 5.0, 0.0
139935, 0 ,1.0,1.0,1.0,30.615159901599014,149.66482164821647,158.50230627306274,9.064473507958528,7.192571440505838,7.644098475528568,43.0,32.0,34.0,-0.7760911729603474,-0.3871916949437886,0.4977600653121835,10.451623452765348,-0.11747569176313595,-0.6867343676857911,-0.717353030302354,6.477621121868277,-0.619582079387231,0.6152060627186259,-0.487482868720985,6.41357912635151,47.907688800588836,31.99532048265064,30.21418877148085,13.237342700362648,4.135548771322893,19512.0,46312.968933135955, -3.552713678800501E-15, 0.0,0.0,39.09593292025137, 72.06231178751499,72.06231178751499,0.0, 82.16467997648199, 20.53111653118376, -26.23888797640273, 20.53111653118376, 51.73308392678023, -12.718579180717935, -26.23888797640273, -12.718579180717935, 58.43224150357818, 1.0, 0.0
139964, 0 ,1.0,1.0,1.0,100.0957020655122,132.10625912789484,103.39138326726476,9.23697566733514,11.59795932885683,10.435622282354677,44.0,49.0,46.0,-0.28637717279871816,-0.839711123767999,0.4613819930600859,12.300235976451493,0.021291146112501387,-0.4870092714908078,-0.8731372495657307,9.900620950494465,-0.9578803693557091,0.24022322556796344,-0.15734675052473815,8.911705348078698,56.36960736349269,46.68316037389272,38.414903648395025,17.429778809378714,4.9939366384508865,47930.0,101089.25767827302, 0.0, 0.0,0.0,NaN, 154.6727307006765,154.6727307006765,1.9073486328125E-6, 85.32171947894145, 17.091729384109026, -9.84294335587187, 17.091729384109026, 134.51266059381715, -19.936434696018814, -9.84294335587187, -19.936434696018814, 108.90221241997743, 3.0, 0.0
140465, 0 ,1.0,1.0,1.0,135.00515463917526,155.60309278350516,95.21649484536083,1.7688525684964302,1.4930045544601143,1.6542778293174867,7.0,5.0,7.0,-0.9289755025305567,0.22229110143202058,0.2959580746021961,1.7933828240794618,0.3229344584573268,0.09601002861719178,0.9415388520638963,1.6449125013291577,-0.1808807652542778,-0.970241588795835,0.16097642104346108,1.4739667752545396,7.761617971214342,7.0369809748298735,5.735707426039767,2.742484763986915,0.7571753195832924,194.0,313.27492156340116, 0.0, 0.0,1.4210854715202004E-14,72.78500339477289, 123.53783300877589,123.53783300877589,0.0, 3.1288394090764187, -0.1989850143479648, -0.12482729301732368, -0.1989850143479648, 2.2290625996386444, 0.11685620150919296, -0.12482729301732368, 0.11685620150919296, 2.7366351365713752, 1.0, 0.0
140640, 0 ,1.0,1.0,1.0,41.13634242380049,57.253317777453695,125.38776432842351,11.533391064449592,13.996180581839557,10.69482457903422,53.0,59.0,48.0,-0.12821423836567655,0.9091388223754144,0.396267221367292,14.877423359180348,0.8603117045697859,-0.09682052817100015,0.5004893168739158,12.316687397598475,0.49338106982386326,0.4050831852527746,-0.7697289996907529,8.381702621953178,65.7952454966244,59.23595747376583,36.6827931399971,20.176476353686493,6.016747879913424,68570.0,142969.14538711065, 0.0, 0.0,0.0,NaN, 102.65050792102849,102.65050792102849,0.0, 133.0191094455257, -24.395395477634672, 27.393375985030904, -24.395395477634672, 195.89307087946267, 50.4833241011417, 27.393375985030904, 50.4833241011417, 114.37927277631448, 3.0, 0.0
142159, 0 ,1.0,1.0,1.0,103.08290052925756,17.052480585645743,50.08942968788643,92.67537261888252,29.116980468789855,7.755476522536828,199.0,199.0,37.0,0.9986412434503357,0.0516190407632645,-0.00715132929235307,92.78950411726618,-0.05170831886413395,0.9985786664262931,-0.012918851285270672,28.76102493755166,-0.006474306156824372,-0.013271080926824094,-0.9998909749421795,7.71893956276437,209.18773112010763,209.31716250364147,37.19438734953665,95.75902147727555,18.07983582543762,20217.0,1628615.103099762, 0.0, 0.0,0.0,NaN, 110.42038865356038,110.42038865356038,1.9073486328125E-6, 8588.72469004872, 401.12346255818204, -60.55022427446701, 401.12346255818204, 847.79855161989, -13.058905124343221, -60.55022427446701, -13.058905124343221, 60.14741609161993, 1.0, 0.0
142368, 0 ,1.0,1.0,1.0,98.34815366931284,130.44332590969503,141.1961187542656,12.219336431353357,81.31233297047794,15.010762199531076,49.0,199.0,62.0,-0.011641558677854205,0.9997403832966241,0.019586733200542366,81.3327051958939,-0.3573416950244775,-0.022454050372873888,0.9337037692003209,15.351079191327276,-0.9339011655997563,-0.003870610775005155,-0.35751032329660776,11.647578757611273,200.46484185387365,71.21083302695547,53.89055577868342,77.03005563965678,32.445356923392985,111356.0,769302.1469436393, -1.4210854715202004E-14, 0.0,0.0,89.33297275364978, 134.04621102526588,134.04621102526588,0.0, 149.3121828225994, -74.60777418543226, -34.83905966435677, -74.60777418543226, 6611.695493101873, 124.7798879760258, -34.83905966435677, 124.7798879760258, 225.32298181087103, 3.0, 0.0
142771, 0 ,1.0,1.0,1.0,122.05060214259328,152.1047875877355,161.1001329885482,16.28167701655847,12.548540933275193,15.142453208068753,65.0,56.0,65.0,-0.9599459378010115,-0.2451488989068123,-0.1356680281573904,16.558651232409474,-0.09977344697423454,-0.15337829804324055,0.983117671984508,15.156103520056364,-0.2618187460404937,0.9572758824153761,0.12277552348757048,12.163731772647827,70.59599066816764,65.3545862852488,59.89951890304245,24.558409273173364,6.981211152476625,135350.0,276362.7089630131, 1.4210854715202004E-14, 0.0,0.0,16.27126367712538, 99.41458470393997,99.41458470393997,0.0, 265.0930064715283, 30.957312964991583, 8.420880599641134, 30.957312964991583, 157.46587955408305, -8.128808172712066, 8.420880599641134, -8.128808172712066, 229.29388915855165, 4.0, 0.0
142777, 0 ,1.0,1.0,1.0,124.33664391317006,24.036524214680856,115.1346985431292,83.72933590694926,26.52722104558805,13.512199671960825,199.0,199.0,60.0,0.9998990505646206,0.008178019572452334,0.011619323381487197,83.73739272513095,-0.0075628401626287945,0.9986165459130677,-0.05203650331573778,26.545934742348045,-0.012028804123665866,0.05194337517457682,0.9985775851914702,13.425241005187146,200.89134298204277,201.39628604467507,60.33911772864201,83.08386651736053,31.526906164743004,92733.0,2441246.508819881, 1.4210854715202004E-14, 0.0,1.4210854715202004E-14,83.90058925812015, 116.21022907649275,116.21022907649275,NaN, 7010.601691418742, 51.903408571555836, 79.57827290048378, 51.903408571555836, 703.6934564014896, -26.60359552657244, 79.57827290048378, -26.60359552657244, 182.57953997493826, 2.0, 0.0
146836, 0 ,1.0,1.0,1.0,112.87295924537429,72.76889587616398,105.62510581690651,8.272267403328536,7.020703967289745,6.423365446440994,37.0,31.0,26.0,0.8989976741520157,0.4233768716871838,0.11205001735671322,8.602162292513576,-0.42590912462123803,0.7855860031771339,0.4488385558043638,6.728731558104967,0.10200293835785611,-0.45122794254406523,0.8865600625077881,6.3013721806636545,38.316015670832826,32.49593630155101,28.905100334323393,12.139337325707055,3.4083434597642044,16538.0,35990.16835380725, -1.4210854715202004E-14, 0.0,0.0,25.973372841437364, 147.62470690830955,147.62470690830955,0.0, 68.43040799217185, 11.188078983904948, 2.389608617808726, 11.188078983904948, 49.29028419631797, 3.5901653423761606, 2.389608617808726, 3.5901653423761606, 41.259623658532114, 5.0, 0.0
148138, 0 ,1.0,1.0,1.0,104.92361015700136,157.37793987235054,30.111462223498993,10.500457397519185,15.066531574097597,44.66459629321835,42.0,61.0,198.0,-0.0054675643774143665,-0.025226138037254695,0.9996668183447449,44.67785994183748,0.06618711005393459,-0.9974987513256389,-0.02480942495302665,15.046027771721638,-0.9977922490190467,-0.0660294105949529,-0.007123533813770896,10.473395847417619,199.03975673819906,61.87319514089356,43.32622142909108,32.23920351755165,35.95580478616269,80063.0,533572.1960372374, 0.0, 0.0,0.0,NaN, 108.45671981182186,108.45671981182186,NaN, 110.25960555711538, -7.4439319003873345, -10.502295655185, -7.4439319003873345, 227.00037367327982, -44.683420998723754, -10.502295655185, -44.683420998723754, 1994.9261620361744, 4.0, 0.0
148160, 0 ,1.0,1.0,1.0,142.83901843945011,40.894845086723286,87.74804892162842,15.328670580731561,12.676190973271245,15.413001761968824,65.0,54.0,64.0,-0.6975702952139003,-0.1466860404113239,0.7013407793531187,16.78981405966202,-0.6754841531185135,-0.19185245770161655,-0.7119787871556388,13.954614925090077,-0.23899130134998012,0.970399835131013,-0.03474647977487776,12.513410758554663,77.06469630786084,67.5479262995697,56.33980263538588,24.18979312520578,6.933144397575,127878.0,293280.24703570374, 0.0, 0.0,0.0,NaN, 112.4254697885898,112.4254697885898,0.0, 234.96814177258526, 17.765888432375032, -42.96166396799497, 17.765888432375032, 160.68581759084339, -7.6812273115848555, -42.96166396799497, -7.6812273115848555, 237.56062331445406, 4.0, 0.0
148634, 0 ,1.0,1.0,1.0,130.64375552790563,118.33500232359422,144.0149459576956,13.33401352054038,9.460959103023368,73.74794656064458,55.0,41.0,198.0,0.03531890145958244,0.0014766997939045321,0.9993750019674331,73.79261262715775,-0.9960054429821381,-0.08200966223413271,0.03532099729903341,13.106282672942129,-0.08201056486601689,0.9966304403629072,0.0014256901468014576,9.430851593673701,199.59370815652028,56.36487226491076,42.109114809631066,63.4498084983704,40.99008522981059,66707.0,473730.6520032582, 0.0, 0.0,0.0,NaN, 120.88749632976946,120.88749632976946,0.0, 177.79591656595363, 7.045392465826525, 186.15015179424373, 7.045392465826525, 89.50974714908072, 7.664922761979308, 186.15015179424373, 7.664922761979308, 5438.759621911689, 2.0, 0.0
149492, 0 ,1.0,1.0,1.0,58.712477004653174,144.47657179958878,86.76313633342093,12.010150606508155,11.550091500564802,10.664131319520106,51.0,50.0,42.0,0.7942369925882748,-0.5076994348111438,0.3338096515932074,12.923379977896808,0.29540757132868706,0.8027326366823111,0.5180296138318264,11.187255892144872,-0.5309632439312723,-0.3128283840982307,0.7875382122135219,9.960099578466208,57.80362693896173,56.01148055828537,48.772377166632154,19.065342576868847,5.280600390962314,64687.0,157908.70272422727, 0.0, 2.8421709430404007E-14,0.0,59.48928861060573, 118.56579549583402,118.56579549583402,0.0, 144.24371759100822, -21.189469925942777, 21.949395901267977, -21.189469925942777, 133.40461367141927, -0.7006348553295649, 21.949395901267977, -0.7006348553295649, 113.72369679996962, 3.0, 0.0
149829, 0 ,1.0,1.0,1.0,76.97709059627836,127.44039480237244,123.15112962376058,7.441020590238513,9.06161100137268,8.654220248397275,35.0,38.0,39.0,0.21630228418664482,0.6977366974764627,0.6829178741622449,10.718408033828682,-0.7770425429582893,0.5465267478582935,-0.31227135684906016,7.913001575376391,-0.5911160700645478,-0.4631112337981851,0.6603860816532765,5.905695959052481,48.038585679963546,37.14875990945235,27.708768794108906,13.913086632953656,4.336257581859879,22087.0,49448.34519804186, 0.0, 0.0,0.0,NaN, 130.75212297017313,130.75212297017313,0.0, 55.368787424353506, 0.29505318830082405, 18.54903208175074, 0.29505318830082405, 82.1127939401984, 33.38914122106782, 18.54903208175074, 33.38914122106782, 74.89552810776938, 1.0, 0.0
150194, 0 ,1.0,1.0,1.0,163.40419303050336,17.32241004816319,148.8309566531306,5.602537552826266,31.298789910969052,6.256136188146568,25.0,199.0,29.0,-0.01072955162684855,0.9999043623882274,0.008725984120996592,31.301667680326275,-0.36507390690710556,-0.012041255361729244,0.9309006663790158,6.36269700579005,-0.9309167090655689,-0.006802517644719614,-0.36516818938158413,5.464760211516319,199.2057085601104,28.29926256864276,25.02875361410034,15.964476613908598,28.200663172528575,10589.0,141096.46118815173, 0.0, 0.0,0.0,NaN, 65.25021053344703,65.25021053344703,0.0, 31.388427030828527, -10.144670413272125, -3.6982240509395496, -10.144670413272125, 979.614249890978, 8.16924298670437, -3.6982240509395496, 8.16924298670437, 39.139240004637074, 1.0, 0.0
150952, 0 ,1.0,1.0,1.0,140.5636058928989,146.36760464572453,25.73107802634656,9.153436304462149,12.60579480052196,35.59703606305655,36.0,54.0,198.0,-0.0011067818847527993,0.009013780757474492,0.9999587625448944,35.59831746323665,0.17654984437378593,-0.9842499333388998,0.009067589203487261,12.700807934097314,-0.9842910786375397,-0.17655259975097337,5.020315936629036E-4,9.016080457441108,198.27426348166614,55.8521496011283,41.25920852795255,24.721934262387943,29.97776511905717,51316.0,456906.2834659211, 0.0, 0.0,0.0,NaN, 84.09047004441042,84.09047004441042,0.0, 83.78539617984569, -13.91698225823619, -1.1844305611893702, -13.91698225823619, 158.90606255286644, 9.975289268668648, -1.1844305611893702, 9.975289268668648, 1267.1489764745484, 2.0, 0.0
151685, 0 ,1.0,1.0,1.0,172.1602093356968,137.57356292732337,131.69680087785937,5.829098097253393,5.829588373847232,7.975604891274603,23.0,24.0,33.0,-0.024531530901695093,-0.21364979203727968,0.9766022580119539,8.071890745648885,0.7813873436426395,-0.6134385181334543,-0.1145731367526052,6.049240269429768,0.623563968800891,0.7602939897386137,0.18199182943369313,5.461138212006591,35.012455796957084,29.352540545294012,25.61801903593414,11.010038528121658,3.217422917009483,11847.0,26327.754171111115, 0.0, 0.0,0.0,NaN, 96.6304351648065,96.6304351648065,NaN, 33.97838462740313, -3.059561275939865, -1.4524797894975499, -3.059561275939865, 33.98410060849481, -6.896156154727304, -1.4524797894975499, -6.896156154727304, 63.61027338172338, 1.0, 0.0
151704, 0 ,1.0,1.0,1.0,53.5506049268743,32.34245177590982,84.998785287401,7.528603909532003,8.33767102789267,7.53512085094786,33.0,33.0,34.0,-0.37289979422529496,0.7477055188124085,0.5494380771335382,8.940500503429242,-0.7180097881760426,-0.6075961999090417,0.3395420473807135,7.656496143645178,0.5877139504470923,-0.26788675777940035,0.7634323790987085,6.6648479941329875,40.465376740506,36.78895955390601,31.185336721623102,13.03079372876459,3.6294759997476316,20581.0,46424.95926091139, 0.0, 0.0,0.0,NaN, 105.53906847819403,105.53906847819403,NaN, 56.67987682662056, -3.705877436694529, -10.738265141481396, -3.705877436694529, 69.5167581693608, 11.65922750567984, -10.738265141481396, 11.65922750567984, 56.7780462383892, 2.0, 0.0
151744, 0 ,1.0,1.0,1.0,112.01034620913954,55.34717541420188,132.01234946147864,11.345830725688682,9.613605354324175,8.884267274931629,50.0,41.0,38.0,-0.9246265876800428,0.37080394282009105,0.08700637530798991,11.685023497263515,-0.2893243404314334,-0.8323688452551237,0.47270871737526593,9.366710442623768,0.2477036523531223,0.4119059861639881,0.87691297126522,8.706575051622496,53.638402288980075,44.71184394391961,42.42062552983839,16.667072840128565,4.721034920326349,42431.0,101736.19302402061, 0.0, 0.0,0.0,NaN, 124.20873409834762,124.20873409834762,1.3486991523486091E-6, 128.72787485598136, -17.950187598850576, -6.517791742207113, -17.950187598850576, 92.42140790869044, -2.734932476657228, -6.517791742207113, -2.734932476657228, 78.93020501242108, 3.0, 0.0
152739, 0 ,1.0,1.0,1.0,17.25202061022429,91.15629420084866,68.36699333198627,8.602236211047483,7.37859380107351,7.5044635247737395,36.0,34.0,30.0,-0.8438566096081114,-0.5334136210152689,-0.05810276530495545,9.375528193853631,0.1338918337927566,-0.3141925166512808,0.939870224724641,7.648452874047061,-0.5195950339103678,0.7853362155126387,0.3365531597533589,6.193522973743892,42.7922899342926,34.34073052756754,29.080429578413217,13.054131675541338,3.787972188939558,19796.0,42734.22917464895, 0.0, 0.0,0.0,NaN, 115.24386302455821,115.24386302455821,0.0, 73.99846783065657, 21.452326138208004, 4.9633294739705525, 21.452326138208004, 54.44364648124043, -4.411672932368489, 4.9633294739705525, -4.411672932368489, 56.31697279465949, 0.0, 0.0
152840, 0 ,1.0,1.0,1.0,174.79437380063686,142.14605343624132,39.2498682018515,8.809917253508198,10.09084485612484,58.735212158743764,34.0,41.0,198.0,-0.00930074630370161,-0.009644511094305442,0.9999102357331611,58.740344863488595,-0.07397943241437989,-0.9972065074172439,-0.010306558317328168,10.082055500976514,-0.9972163956222543,0.0740686503890421,-0.008561269281217214,8.785726005876919,198.5133814118913,41.35362356361409,34.888276354478734,41.79328882942875,43.38877675248474,47421.0,286406.5005795251, 0.0, 0.0,0.0,NaN, 74.31658549050124,74.31658549050124,0.0, 77.61464201366142, 2.1069814440182584, -31.352175938165608, 2.1069814440182584, 101.82514991038111, -32.27893943961555, -31.352175938165608, -32.27893943961555, 3449.8251473326413, 2.0, 0.0
153010, 0 ,1.0,1.0,1.0,109.8388462922468,50.1469261217372,166.1462341185263,10.280931881870549,9.055201908268845,9.681426565806332,43.0,42.0,39.0,-0.8105300307376695,0.4836649605139045,0.3303169315119587,11.547880507379327,-0.056504768288424,0.49676837592760054,-0.8660417956651547,9.784746205727657,-0.582965076512362,-0.7206173649374104,-0.37531631048703246,7.233910407591828,50.92547781915187,44.616510752272205,32.40970421893587,16.09033451258444,4.746092875346,36127.0,73638.64409138706, 0.0, 0.0,0.0,NaN, 108.580961967233,108.580961967233,0.0, 105.69756035966229, -32.98202441717409, -19.568345696070534, -32.98202441717409, 81.99668159951574, -5.732089869104504, -19.568345696070534, -5.732089869104504, 93.73002034910057, 1.0, 0.0
154385, 0 ,1.0,1.0,1.0,82.1276083824687,107.54686548543762,79.32046160015446,13.655658549583558,9.37066712115724,11.805814736351092,61.0,43.0,55.0,-0.9890902862413511,0.14351010875805928,0.03324536580114164,13.737060289111588,-0.01845739191800619,0.103172048352972,-0.9944922589554117,11.826428864504248,0.14614968472968687,0.9842562558210651,0.09939764851600452,9.224555774319468,61.02934128426506,54.36152840241566,45.15044169963386,19.54900959651772,5.612477002417388,67331.0,149793.28477670497, 0.0, 0.0,0.0,NaN, 146.9158322600171,146.9158322600171,0.0, 186.47701042281454, -14.811790531120606, -2.401737774108916, -14.811790531120606, 87.80940229553731, -5.125465485130064, -2.401737774108916, -5.125465485130064, 139.3772615890446, 1.0, 0.0
156837, 0 ,1.0,1.0,1.0,159.92733345813915,150.45666118177965,91.88570415110699,50.36654865602849,11.161531112282042,13.254209939934071,199.0,47.0,56.0,-0.9999701472605674,0.0035696879459855865,0.006852876450617908,50.36795739083071,-0.006428478150731873,0.10773066009561626,-0.9941593330769615,13.272869023590813,0.004287103491252492,0.9941737082639689,0.1077044963793258,11.13296445608432,199.37383250405045,56.65493260139154,48.448909321377755,36.99708600964592,38.31786408735492,101491.0,547255.1902608363, 0.0, 0.0,0.0,NaN, 111.81835114316843,111.81835114316843,0.0, 2536.7892235200857, -8.64952679335482, -16.201642824344788, -8.64952679335482, 124.57977677044, -5.53446837937692, -16.201642824344788, -5.53446837937692, 175.67408113184712, 4.0, 0.0
157441, 0 ,1.0,1.0,1.0,29.417171717171716,117.81616161616162,68.0989898989899,3.0309361291518613,3.1299371365781057,2.3411770737829904,12.0,13.0,9.0,-0.5458179290926398,0.8254947902612978,-0.14367024581477644,3.2546005444842616,0.8338561843965996,0.5183038266456443,-0.1898552264964709,2.936415516492009,0.08225966219579645,0.2234267095401488,0.9712434573470728,2.2911197260474236,14.58102083121181,13.054558136620571,10.187363312607587,4.760703174549733,1.3416019053981483,990.0,1939.1522200691616, 0.0, 0.0,0.0,NaN, 110.7114524726379,110.7114524726379,0.0, 9.186573818998069, -0.9495704519946937, -0.11503315988164539, -0.9495704519946937, 9.796506478930752, -0.9656402407917556, -0.11503315988164539, -0.9656402407917556, 5.481110090807086, 1.0, 0.0
157952, 0 ,1.0,1.0,1.0,123.01476623186282,172.5554374908398,60.65792173530705,90.15988474039433,9.536409250227255,82.84696233954499,199.0,43.0,198.0,-0.9175556304178268,0.013302251791155604,-0.39738484518892875,91.7599213931845,0.3976047866923738,0.02705583552042049,-0.917157791965812,81.10961401235168,-0.0014486848712103237,-0.9995454126059388,-0.030114273203371143,9.204044076541543,261.7945576204105,261.80282878183,46.22983351813346,118.76142636435839,31.290424966445684,27292.0,3168526.021651311, 0.0, 0.0,0.0,NaN, 101.7807137865547,101.7807137865547,1.3486991523486091E-6, 8128.804816401191, -31.875378913557473, 671.0285379430156, -31.875378913557473, 90.94310138781996, -205.20718289555754, 671.0285379430156, -205.20718289555754, 6863.619168889984, 1.0, 0.0
158075, 0 ,1.0,1.0,1.0,87.74799445379816,36.15025255026245,106.73823908091512,13.672511573710866,12.279690728315728,13.401996328342785,58.0,53.0,56.0,-0.7263671928798913,0.3391887823145656,0.5977806211811731,14.547729431010563,0.6241848874556861,-0.038550049025220315,0.7803250092058351,12.761604741424946,-0.28772196193499033,-0.9399281162259784,0.1837150210194168,11.951857409080969,69.85687566321721,61.83542117602781,56.158776519580954,21.950976440520364,5.957895266700518,100970.0,242585.09811656788, 0.0, 0.0,-1.4210854715202004E-14,53.288888837179755, 133.05753394618472,133.05753394618472,0.0, 186.93757273325755, -17.429591203907723, -20.12196203413009, -17.429591203907723, 150.79080438308327, 13.345817321020576, -20.12196203413009, 13.345817321020576, 179.61350558491347, 2.0, 0.0
158331, 0 ,1.0,1.0,1.0,110.08486878838637,121.30690489484459,23.607295737949006,6.524293530599452,3.931218469864957,4.6637821907679955,27.0,17.0,19.0,-0.9917871190611353,-0.12271497385789626,0.03604643748650621,6.558439011591862,-0.040732743572311936,0.03589568774369669,-0.998525083912507,4.662003409479711,-0.12124006790448907,0.9917925865786966,0.040599398296675714,3.876125771357717,27.90415775545985,18.916732683279477,16.677878716264985,8.550475088064927,2.5809155008514297,5373.0,8803.50989216996, 0.0, 1.4210854715202004E-14,0.0,82.95118252561518, 121.79753055825769,121.79753055825769,0.0, 42.56640607342186, 3.396622253480532, -0.7276990241028739, 3.396622253480532, 15.454478657807373, -0.3643087049837898, -0.7276990241028739, -0.3643087049837898, 21.750864322924723, 0.0, 0.0
158966, 0 ,1.0,1.0,1.0,182.93601596275357,151.97731958762887,49.649950116395075,6.6448629293058765,7.4212650980429045,6.7704668215628026,28.0,31.0,27.0,-0.3809265163563124,0.9181694733110033,0.10890274292431289,7.595915868077637,-0.38256349844721205,-0.04928656589082783,-0.9226136808429187,6.816750812294946,-0.8417482751942376,-0.39311022970978987,0.37003268572525033,6.395511744554808,33.70186367403891,30.216221387236317,29.165680510200275,11.62842071225276,3.1382211084346365,15035.0,29700.665827660083, 0.0, 0.0,0.0,NaN, 71.15107119202531,71.15107119202531,0.0, 44.15420334926347, -5.769326142780247, 1.2676589299615055, -5.769326142780247, 55.07517565542976, 1.932466444276085, 1.2676589299615055, 1.932466444276085, 45.83922098188272, 0.0, 0.0
159460, 0 ,1.0,1.0,1.0,138.28593770363614,24.970611234197836,174.17561579564708,7.240957659897526,6.047197752345947,9.117289354054888,33.0,29.0,39.0,-0.05253650990868647,0.40213089207372393,0.9140736626588724,9.697105392913649,0.9720364308937318,-0.18919768032585213,0.13910217386759838,7.33990615427225,0.2288778978887856,0.8958208433606067,-0.3809460912763153,4.921072880904178,42.06875054079342,33.72038027663987,22.549140493017674,12.514644676323833,3.9381089725055083,15346.0,31987.63042378306, 0.0, 0.0,0.0,NaN, 71.40767276744818,71.40767276744818,0.0, 52.43146783242866, -6.929169952799428, 0.6572655994200769, -6.929169952799428, 36.568600655977875, 24.882588474119366, 0.6572655994200769, 24.882588474119366, 83.12496516556261, 0.0, 0.0
159794, 0 ,1.0,1.0,1.0,110.2423075724039,71.68565483056396,63.502603111263525,13.08072538412545,14.334262228573833,15.417448827909276,55.0,60.0,62.0,-0.3074635795510403,-0.05858173982883576,0.9497548773279807,15.656380038697439,0.22888292446368758,0.9642464421107362,0.13357172517316654,14.441194120076437,-0.9236226253934074,0.2584511145950288,-0.2830623027285272,12.672957628105983,69.32786268114242,63.69020315749502,56.03621328163838,23.89615326667111,6.576324021010628,128308.0,247428.21683365726, 0.0, 0.0,0.0,NaN, 131.25493156571434,131.25493156571434,0.0, 171.10537657490394, 12.103594408125417, -23.214873045556036, 12.103594408125417, 205.47107363751846, 1.472569841994109, -23.214873045556036, 1.472569841994109, 237.6977283612011, 1.0, 0.0
160256, 0 ,1.0,1.0,1.0,81.15266626722588,188.41114439784303,45.91072498502097,5.630669069766058,4.207875346017431,73.0812744625174,26.0,20.0,198.0,-0.010830980575600727,-0.00274792573290345,0.9999375674330562,73.08581300005439,-0.9699416517923607,0.24313865944279764,-0.009837906416833589,5.655144312321348,0.24309644583596435,0.9699876500185584,0.005298757721977649,4.094704762805153,198.21524966618875,25.641120892526807,19.20964413175497,58.34892820329432,44.56103571163283,8345.0,97632.27057037006, 0.0, 0.0,-7.105427357601002E-15,0.6402439533203942, 93.95664683830312,93.95664683830312,0.0, 31.704434173220164, -3.4294545192153487, -57.52369845786883, -3.4294545192153487, 17.706214927621314, -14.667549122061923, -57.52369845786883, -14.667549122061923, 5340.872677065798, 1.0, 0.0
161061, 0 ,1.0,1.0,1.0,14.838815072968853,148.25833151818776,103.1413635373557,4.216342972564641,5.019491930651052,4.809352843049832,17.0,21.0,21.0,-0.11008391129574888,-0.8423634586607232,0.5275465249501451,5.20906860558146,-0.4196098532924961,-0.44176460086461455,-0.7929512018042328,4.723818488041128,-0.9010044969331058,0.3086548897005708,0.30483283217240353,4.080914753765901,22.540197036370294,21.788996876084212,19.34511184055392,7.845687043700057,2.132584555283691,4591.0,9500.931559053368, 0.0, 0.0,0.0,NaN, 110.8105868022285,110.8105868022285,0.0, 17.77754806229524, 2.021164304826608, 1.2748004830414306, 2.021164304826608, 25.19529924187102, -2.6745060238082985, 1.2748004830414306, -2.6745060238082985, 23.129874768951506, 1.0, 0.0
161304, 0 ,1.0,1.0,1.0,130.0615137572183,129.0893678782077,103.40292746193991,6.830863818682955,83.38440021577158,9.199119669237977,32.0,199.0,39.0,0.012283273118634573,0.9999243474446683,6.485282166552019E-4,83.39066626437753,0.2791089643139992,-0.004051427936713476,0.9602508901173905,9.392598042009283,-0.9601808721491282,0.011614013906844262,0.27913761380349983,6.482174368741657,199.35733450434796,42.41429334313722,31.79765819028148,78.00031964448436,31.62582548963326,32383.0,268868.2934042457, 0.0, 0.0,0.0,NaN, 138.74690637548346,138.74690637548346,0.0, 46.66070050939189, 84.84312692420727, 12.437957215076402, 84.84312692420727, 6952.958199343966, 4.3025330551569185, 12.437957215076402, 4.3025330551569185, 84.62380268896104, 0.0, 0.0
162229, 0 ,1.0,1.0,1.0,39.10182011953024,73.48137041835584,175.20425669745475,53.08587922830063,12.467417217466778,12.924729278629076,199.0,53.0,198.0,0.9999881196731302,-0.0015095162576393296,0.004634854179484111,53.086472560275325,0.004805240356394537,0.1455864005706642,-0.9893338716702242,12.932424091092628,-8.186438263582999E-4,-0.9893443896487948,-0.1455919245450774,12.45690694663894,199.21364552891131,200.15335937046123,67.50499381087712,39.14958988070222,40.09869455000435,95708.0,2691645.5456120246, 0.0, 0.0,0.0,NaN, 86.85213308345074,86.85213308345074,0.0, 2818.11057344172, -4.011346540799816, 12.285070406688158, -4.011346540799816, 155.43649207438708, -1.7575574696831577, 12.285070406688158, -1.7575574696831577, 167.04862692585166, 1.0, 0.0
162744, 0 ,1.0,1.0,1.0,80.5431092328998,38.40427308938795,44.84158302756878,14.182321811142268,49.14252223873467,14.751536514935223,62.0,199.0,62.0,-0.004231047919004959,-0.9996679546688769,0.025418077064401877,49.15735382859603,0.5261680845701942,-0.023840701765596193,-0.8500463326896112,15.018368600801793,-0.8503700635683503,-0.00977759415544976,-0.5260942440659192,13.846903720018663,200.26826076156132,67.07689591924651,64.81399930098772,37.9750685931618,37.30452705551109,140086.0,870670.6465763282, 0.0, 0.0,0.0,NaN, 99.8641487464118,99.8641487464118,0.0, 201.1382519548017, 8.985545270856317, -15.363443312704234, 8.985545270856317, 2414.9874919845315, -55.843762914211084, -15.363443312704234, -55.843762914211084, 217.6078295514672, 0.0, 0.0
162909, 0 ,1.0,1.0,1.0,112.55205471772159,84.78297920053821,135.29685485227336,7.206058654787957,7.047842308591838,8.508708108251298,33.0,29.0,36.0,0.5015871888921644,0.06556480533915332,0.8626190052625173,9.15644038840368,-0.4515684858759644,0.8703473707897849,0.19642137542283317,7.321419603026499,-0.7378998539794848,-0.48805400363089674,0.4661620909478886,6.045981361571677,39.444355511785034,33.814183020810866,28.323084428675244,12.664033011600795,3.6904937468490986,17837.0,37776.72549476258, -1.4210854715202004E-14, 0.0,0.0,59.89493675474577, 137.91951888046532,137.91951888046532,0.0, 51.92728133624442, -5.145652082059729, 18.947629661359226, -5.145652082059729, 49.67208120677712, 5.589063471051828, 18.947629661359226, 5.589063471051828, 72.3981136714214, 0.0, 0.0
163908, 0 ,1.0,1.0,1.0,20.120600524042207,144.05038595000354,72.57913745485448,7.822130439743116,7.934262925921206,10.828068416823418,34.0,36.0,44.0,-0.014338888436897616,0.3936347610923493,0.9191550854660832,11.374077637715109,-0.9140021704739242,0.36759347636666323,-0.17168304663427594,7.981351194521426,-0.4054558282320647,-0.8425714871703408,0.3545121441646387,6.950806387344769,49.393215479224125,37.729038159644446,33.73111793397268,14.874393976330058,4.487507356020274,28242.0,62859.911933094976, 0.0, 0.0,0.0,NaN, 93.82392590103181,93.82392590103181,0.0, 61.18572461635584, -5.627668527218782, 1.346415191160897, -5.627668527218782, 62.952528177647736, 28.35581358975263, 1.346415191160897, 28.35581358975263, 117.24706563940882, 0.0, 0.0
163949, 0 ,1.0,1.0,1.0,22.62866232331314,87.41126604945327,31.508839105421572,10.730672901915485,90.88451344278532,48.71154557317306,199.0,199.0,198.0,-0.005447206052518388,0.9999638600322593,0.006527371262982987,90.8872206448472,0.0028942828761348662,0.00654320641786435,-0.999974404460637,48.709169449261445,-0.9999809753554585,-0.005428174569468856,-0.00292982047044736,10.718522836894602,201.24083456610265,199.39254149527358,200.1011537979384,99.4158360195499,29.401502433069826,52494.0,8029243.180704151, 0.0, 0.0,-3.552713678800501E-15,89.62600651952046, 95.632592418496,95.632592418496,0.0, 115.14734092790329, -44.32640284409714, -6.823869381605881, -44.32640284409714, 8259.994783731825, 38.39523893307992, -6.823869381605881, 38.39523893307992, 2372.814672127316, 0.0, 0.0
164451, 0 ,1.0,1.0,1.0,71.72860296292924,115.1791184033862,178.3363903238286,84.70405453422846,10.533001140883622,8.06215963066399,199.0,44.0,32.0,-0.9998211965754754,0.012423261538884053,0.014256137314196414,84.71902905926622,-0.012006803939901965,-0.9995091697769423,0.028935379571670253,10.482924382706281,0.014608611759284268,0.02875903518104104,0.9994796177801337,7.969554386750976,199.7487110710225,43.91900215675686,33.75767163209804,80.66227926095125,29.05711771511158,43943.0,296148.0888598412, 0.0, 0.0,0.0,NaN, 1.0,1.0,0.0, 7174.77685453755, -87.80421987395503, -101.41329014855704, -87.80421987395503, 110.94411303385569, -0.0813947213174988, -101.41329014855704, -0.0813947213174988, 64.99841791030812, 0.0, 0.0
